scenario_id,split,seed,source,selection_status
reconstructed_train_0000,train,1000,synthetic_paper_like_reconstruction,frozen_before_model_screening
reconstructed_train_0001,train,1001,synthetic_paper_like_reconstruction,frozen_before_model_screening
reconstructed_train_0002,train,1002,synthetic_paper_like_reconstruction,frozen_before_model_screening
reconstructed_train_0003,train,1003,synthetic_paper_like_reconstruction,frozen_before_model_screening
reconstructed_train_0004,train,1004,synthetic_paper_like_reconstruction,frozen_before_model_screening
reconstructed_train_0005,train,1005,synthetic_paper_like_reconstruction,frozen_before_model_screening
reconstructed_train_0006,train,1006,synthetic_paper_like_reconstruction,frozen_before_model_screening
reconstructed_train_0007,train,1007,synthetic_paper_like_reconstruction,frozen_before_model_screening
reconstructed_train_0008,train,1008,synthetic_paper_like_reconstruction,frozen_before_model_screening
reconstructed_train_0009,train,1009,synthetic_paper_like_reconstruction,frozen_before_model_screening
reconstructed_train_0010,train,1010,synthetic_paper_like_reconstruction,frozen_before_model_screening
reconstructed_train_0011,train,1011,synthetic_paper_like_reconstruction,frozen_before_model_screening
reconstructed_train_0012,train,1012,synthetic_paper_like_reconstruction,frozen_before_model_screening
reconstructed_train_0013,train,1013,synthetic_paper_like_reconstruction,frozen_before_model_screening
reconstructed_train_0014,train,1014,synthetic_paper_like_reconstruction,frozen_before_model_screening
reconstructed_train_0015,train,1015,synthetic_paper_like_reconstruction,frozen_before_model_screening
reconstructed_train_0016,train,1016,synthetic_paper_like_reconstruction,frozen_before_model_screening
reconstructed_train_0017,train,1017,synthetic_paper_like_reconstruction,frozen_before_model_screening
reconstructed_train_0018,train,1018,synthetic_paper_like_reconstruction,frozen_before_model_screening
reconstructed_train_0019,train,1019,synthetic_paper_like_reconstruction,frozen_before_model_screening
reconstructed_train_0020,train,1020,synthetic_paper_like_reconstruction,frozen_before_model_screening
reconstructed_train_0021,train,1021,synthetic_paper_like_reconstruction,frozen_before_model_screening
reconstructed_train_0022,train,1022,synthetic_paper_like_reconstruction,frozen_before_model_screening
reconstructed_train_0023,train,1023,synthetic_paper_like_reconstruction,frozen_before_model_screening
reconstructed_train_0024,train,1024,synthetic_paper_like_reconstruction,frozen_before_model_screening
reconstructed_train_0025,train,1025,synthetic_paper_like_reconstruction,frozen_before_model_screening
reconstructed_train_0026,train,1026,synthetic_paper_like_reconstruction,frozen_before_model_screening
reconstructed_train_0027,train,1027,synthetic_paper_like_reconstruction,frozen_before_model_screening
reconstructed_train_0028,train,1028,synthetic_paper_like_reconstruction,frozen_before_model_screening
reconstructed_train_0029,train,1029,synthetic_paper_like_reconstruction,frozen_before_model_screening
reconstructed_train_0030,train,1030,synthetic_paper_like_reconstruction,frozen_before_model_screening
reconstructed_train_0031,train,1031,synthetic_paper_like_reconstruction,frozen_before_model_screening
reconstructed_train_0032,train,1032,synthetic_paper_like_reconstruction,frozen_before_model_screening
reconstructed_train_0033,train,1033,synthetic_paper_like_reconstruction,frozen_before_model_screening
reconstructed_train_0034,train,1034,synthetic_paper_like_reconstruction,frozen_before_model_screening
reconstructed_train_0035,train,1035,synthetic_paper_like_reconstruction,frozen_before_model_screening
reconstructed_train_0036,train,1036,synthetic_paper_like_reconstruction,frozen_before_model_screening
reconstructed_train_0037,train,1037,synthetic_paper_like_reconstruction,frozen_before_model_screening
reconstructed_train_0038,train,1038,synthetic_paper_like_reconstruction,frozen_before_model_screening
reconstructed_train_0039,train,1039,synthetic_paper_like_reconstruction,frozen_before_model_screening
reconstructed_train_0040,train,1040,synthetic_paper_like_reconstruction,frozen_before_model_screening
reconstructed_train_0041,train,1041,synthetic_paper_like_reconstruction,frozen_before_model_screening
reconstructed_train_0042,train,1042,synthetic_paper_like_reconstruction,frozen_before_model_screening
reconstructed_train_0043,train,1043,synthetic_paper_like_reconstruction,frozen_before_model_screening
reconstructed_train_0044,train,1044,synthetic_paper_like_reconstruction,frozen_before_model_screening
reconstructed_train_0045,train,1045,synthetic_paper_like_reconstruction,frozen_before_model_screening
reconstructed_train_0046,train,1046,synthetic_paper_like_reconstruction,frozen_before_model_screening
reconstructed_train_0047,train,1047,synthetic_paper_like_reconstruction,frozen_before_model_screening
reconstructed_train_0048,train,1048,synthetic_paper_like_reconstruction,frozen_before_model_screening
reconstructed_train_0049,train,1049,synthetic_paper_like_reconstruction,frozen_before_model_screening
reconstructed_train_0050,train,1050,synthetic_paper_like_reconstruction,frozen_before_model_screening
reconstructed_train_0051,train,1051,synthetic_paper_like_reconstruction,frozen_before_model_screening
reconstructed_train_0052,train,1052,synthetic_paper_like_reconstruction,frozen_before_model_screening
reconstructed_train_0053,train,1053,synthetic_paper_like_reconstruction,frozen_before_model_screening
reconstructed_train_0054,train,1054,synthetic_paper_like_reconstruction,frozen_before_model_screening
reconstructed_train_0055,train,1055,synthetic_paper_like_reconstruction,frozen_before_model_screening
reconstructed_train_0056,train,1056,synthetic_paper_like_reconstruction,frozen_before_model_screening
reconstructed_train_0057,train,1057,synthetic_paper_like_reconstruction,frozen_before_model_screening
reconstructed_train_0058,train,1058,synthetic_paper_like_reconstruction,frozen_before_model_screening
reconstructed_train_0059,train,1059,synthetic_paper_like_reconstruction,frozen_before_model_screening
reconstructed_train_0060,train,1060,synthetic_paper_like_reconstruction,frozen_before_model_screening
reconstructed_train_0061,train,1061,synthetic_paper_like_reconstruction,frozen_before_model_screening
reconstructed_train_0062,train,1062,synthetic_paper_like_reconstruction,frozen_before_model_screening
reconstructed_train_0063,train,1063,synthetic_paper_like_reconstruction,frozen_before_model_screening
reconstructed_train_0064,train,1064,synthetic_paper_like_reconstruction,frozen_before_model_screening
reconstructed_train_0065,train,1065,synthetic_paper_like_reconstruction,frozen_before_model_screening
reconstructed_train_0066,train,1066,synthetic_paper_like_reconstruction,frozen_before_model_screening
reconstructed_train_0067,train,1067,synthetic_paper_like_reconstruction,frozen_before_model_screening
reconstructed_train_0068,train,1068,synthetic_paper_like_reconstruction,frozen_before_model_screening
reconstructed_train_0069,train,1069,synthetic_paper_like_reconstruction,frozen_before_model_screening
reconstructed_train_0070,train,1070,synthetic_paper_like_reconstruction,frozen_before_model_screening
reconstructed_train_0071,train,1071,synthetic_paper_like_reconstruction,frozen_before_model_screening
reconstructed_train_0072,train,1072,synthetic_paper_like_reconstruction,frozen_before_model_screening
reconstructed_train_0073,train,1073,synthetic_paper_like_reconstruction,frozen_before_model_screening
reconstructed_train_0074,train,1074,synthetic_paper_like_reconstruction,frozen_before_model_screening
reconstructed_train_0075,train,1075,synthetic_paper_like_reconstruction,frozen_before_model_screening
reconstructed_train_0076,train,1076,synthetic_paper_like_reconstruction,frozen_before_model_screening
reconstructed_train_0077,train,1077,synthetic_paper_like_reconstruction,frozen_before_model_screening
reconstructed_train_0078,train,1078,synthetic_paper_like_reconstruction,frozen_before_model_screening
reconstructed_train_0079,train,1079,synthetic_paper_like_reconstruction,frozen_before_model_screening
reconstructed_train_0080,train,1080,synthetic_paper_like_reconstruction,frozen_before_model_screening
reconstructed_train_0081,train,1081,synthetic_paper_like_reconstruction,frozen_before_model_screening
reconstructed_train_0082,train,1082,synthetic_paper_like_reconstruction,frozen_before_model_screening
reconstructed_train_0083,train,1083,synthetic_paper_like_reconstruction,frozen_before_model_screening
reconstructed_train_0084,train,1084,synthetic_paper_like_reconstruction,frozen_before_model_screening
reconstructed_train_0085,train,1085,synthetic_paper_like_reconstruction,frozen_before_model_screening
reconstructed_train_0086,train,1086,synthetic_paper_like_reconstruction,frozen_before_model_screening
reconstructed_train_0087,train,1087,synthetic_paper_like_reconstruction,frozen_before_model_screening
reconstructed_train_0088,train,1088,synthetic_paper_like_reconstruction,frozen_before_model_screening
reconstructed_train_0089,train,1089,synthetic_paper_like_reconstruction,frozen_before_model_screening
reconstructed_train_0090,train,1090,synthetic_paper_like_reconstruction,frozen_before_model_screening
reconstructed_train_0091,train,1091,synthetic_paper_like_reconstruction,frozen_before_model_screening
reconstructed_train_0092,train,1092,synthetic_paper_like_reconstruction,frozen_before_model_screening
reconstructed_train_0093,train,1093,synthetic_paper_like_reconstruction,frozen_before_model_screening
reconstructed_train_0094,train,1094,synthetic_paper_like_reconstruction,frozen_before_model_screening
reconstructed_train_0095,train,1095,synthetic_paper_like_reconstruction,frozen_before_model_screening
reconstructed_train_0096,train,1096,synthetic_paper_like_reconstruction,frozen_before_model_screening
reconstructed_train_0097,train,1097,synthetic_paper_like_reconstruction,frozen_before_model_screening
reconstructed_train_0098,train,1098,synthetic_paper_like_reconstruction,frozen_before_model_screening
reconstructed_train_0099,train,1099,synthetic_paper_like_reconstruction,frozen_before_model_screening
reconstructed_train_0100,train,1100,synthetic_paper_like_reconstruction,frozen_before_model_screening
reconstructed_train_0101,train,1101,synthetic_paper_like_reconstruction,frozen_before_model_screening
reconstructed_train_0102,train,1102,synthetic_paper_like_reconstruction,frozen_before_model_screening
reconstructed_train_0103,train,1103,synthetic_paper_like_reconstruction,frozen_before_model_screening
reconstructed_train_0104,train,1104,synthetic_paper_like_reconstruction,frozen_before_model_screening
reconstructed_train_0105,train,1105,synthetic_paper_like_reconstruction,frozen_before_model_screening
reconstructed_train_0106,train,1106,synthetic_paper_like_reconstruction,frozen_before_model_screening
reconstructed_train_0107,train,1107,synthetic_paper_like_reconstruction,frozen_before_model_screening
reconstructed_train_0108,train,1108,synthetic_paper_like_reconstruction,frozen_before_model_screening
reconstructed_train_0109,train,1109,synthetic_paper_like_reconstruction,frozen_before_model_screening
reconstructed_train_0110,train,1110,synthetic_paper_like_reconstruction,frozen_before_model_screening
reconstructed_train_0111,train,1111,synthetic_paper_like_reconstruction,frozen_before_model_screening
reconstructed_train_0112,train,1112,synthetic_paper_like_reconstruction,frozen_before_model_screening
reconstructed_train_0113,train,1113,synthetic_paper_like_reconstruction,frozen_before_model_screening
reconstructed_train_0114,train,1114,synthetic_paper_like_reconstruction,frozen_before_model_screening
reconstructed_train_0115,train,1115,synthetic_paper_like_reconstruction,frozen_before_model_screening
reconstructed_train_0116,train,1116,synthetic_paper_like_reconstruction,frozen_before_model_screening
reconstructed_train_0117,train,1117,synthetic_paper_like_reconstruction,frozen_before_model_screening
reconstructed_train_0118,train,1118,synthetic_paper_like_reconstruction,frozen_before_model_screening
reconstructed_train_0119,train,1119,synthetic_paper_like_reconstruction,frozen_before_model_screening
reconstructed_train_0120,train,1120,synthetic_paper_like_reconstruction,frozen_before_model_screening
reconstructed_train_0121,train,1121,synthetic_paper_like_reconstruction,frozen_before_model_screening
reconstructed_train_0122,train,1122,synthetic_paper_like_reconstruction,frozen_before_model_screening
reconstructed_train_0123,train,1123,synthetic_paper_like_reconstruction,frozen_before_model_screening
reconstructed_train_0124,train,1124,synthetic_paper_like_reconstruction,frozen_before_model_screening
reconstructed_train_0125,train,1125,synthetic_paper_like_reconstruction,frozen_before_model_screening
reconstructed_train_0126,train,1126,synthetic_paper_like_reconstruction,frozen_before_model_screening
reconstructed_train_0127,train,1127,synthetic_paper_like_reconstruction,frozen_before_model_screening
reconstructed_train_0128,train,1128,synthetic_paper_like_reconstruction,frozen_before_model_screening
reconstructed_train_0129,train,1129,synthetic_paper_like_reconstruction,frozen_before_model_screening
reconstructed_train_0130,train,1130,synthetic_paper_like_reconstruction,frozen_before_model_screening
reconstructed_train_0131,train,1131,synthetic_paper_like_reconstruction,frozen_before_model_screening
reconstructed_train_0132,train,1132,synthetic_paper_like_reconstruction,frozen_before_model_screening
reconstructed_train_0133,train,1133,synthetic_paper_like_reconstruction,frozen_before_model_screening
reconstructed_train_0134,train,1134,synthetic_paper_like_reconstruction,frozen_before_model_screening
reconstructed_train_0135,train,1135,synthetic_paper_like_reconstruction,frozen_before_model_screening
reconstructed_train_0136,train,1136,synthetic_paper_like_reconstruction,frozen_before_model_screening
reconstructed_train_0137,train,1137,synthetic_paper_like_reconstruction,frozen_before_model_screening
reconstructed_train_0138,train,1138,synthetic_paper_like_reconstruction,frozen_before_model_screening
reconstructed_train_0139,train,1139,synthetic_paper_like_reconstruction,frozen_before_model_screening
reconstructed_train_0140,train,1140,synthetic_paper_like_reconstruction,frozen_before_model_screening
reconstructed_train_0141,train,1141,synthetic_paper_like_reconstruction,frozen_before_model_screening
reconstructed_train_0142,train,1142,synthetic_paper_like_reconstruction,frozen_before_model_screening
reconstructed_train_0143,train,1143,synthetic_paper_like_reconstruction,frozen_before_model_screening
reconstructed_train_0144,train,1144,synthetic_paper_like_reconstruction,frozen_before_model_screening
reconstructed_train_0145,train,1145,synthetic_paper_like_reconstruction,frozen_before_model_screening
reconstructed_train_0146,train,1146,synthetic_paper_like_reconstruction,frozen_before_model_screening
reconstructed_train_0147,train,1147,synthetic_paper_like_reconstruction,frozen_before_model_screening
reconstructed_train_0148,train,1148,synthetic_paper_like_reconstruction,frozen_before_model_screening
reconstructed_train_0149,train,1149,synthetic_paper_like_reconstruction,frozen_before_model_screening
reconstructed_train_0150,train,1150,synthetic_paper_like_reconstruction,frozen_before_model_screening
reconstructed_train_0151,train,1151,synthetic_paper_like_reconstruction,frozen_before_model_screening
reconstructed_train_0152,train,1152,synthetic_paper_like_reconstruction,frozen_before_model_screening
reconstructed_train_0153,train,1153,synthetic_paper_like_reconstruction,frozen_before_model_screening
reconstructed_train_0154,train,1154,synthetic_paper_like_reconstruction,frozen_before_model_screening
reconstructed_train_0155,train,1155,synthetic_paper_like_reconstruction,frozen_before_model_screening
reconstructed_train_0156,train,1156,synthetic_paper_like_reconstruction,frozen_before_model_screening
reconstructed_train_0157,train,1157,synthetic_paper_like_reconstruction,frozen_before_model_screening
reconstructed_train_0158,train,1158,synthetic_paper_like_reconstruction,frozen_before_model_screening
reconstructed_train_0159,train,1159,synthetic_paper_like_reconstruction,frozen_before_model_screening
reconstructed_train_0160,train,1160,synthetic_paper_like_reconstruction,frozen_before_model_screening
reconstructed_train_0161,train,1161,synthetic_paper_like_reconstruction,frozen_before_model_screening
reconstructed_train_0162,train,1162,synthetic_paper_like_reconstruction,frozen_before_model_screening
reconstructed_train_0163,train,1163,synthetic_paper_like_reconstruction,frozen_before_model_screening
reconstructed_train_0164,train,1164,synthetic_paper_like_reconstruction,frozen_before_model_screening
reconstructed_train_0165,train,1165,synthetic_paper_like_reconstruction,frozen_before_model_screening
reconstructed_train_0166,train,1166,synthetic_paper_like_reconstruction,frozen_before_model_screening
reconstructed_train_0167,train,1167,synthetic_paper_like_reconstruction,frozen_before_model_screening
reconstructed_train_0168,train,1168,synthetic_paper_like_reconstruction,frozen_before_model_screening
reconstructed_train_0169,train,1169,synthetic_paper_like_reconstruction,frozen_before_model_screening
reconstructed_train_0170,train,1170,synthetic_paper_like_reconstruction,frozen_before_model_screening
reconstructed_train_0171,train,1171,synthetic_paper_like_reconstruction,frozen_before_model_screening
reconstructed_train_0172,train,1172,synthetic_paper_like_reconstruction,frozen_before_model_screening
reconstructed_train_0173,train,1173,synthetic_paper_like_reconstruction,frozen_before_model_screening
reconstructed_train_0174,train,1174,synthetic_paper_like_reconstruction,frozen_before_model_screening
reconstructed_train_0175,train,1175,synthetic_paper_like_reconstruction,frozen_before_model_screening
reconstructed_train_0176,train,1176,synthetic_paper_like_reconstruction,frozen_before_model_screening
reconstructed_train_0177,train,1177,synthetic_paper_like_reconstruction,frozen_before_model_screening
reconstructed_train_0178,train,1178,synthetic_paper_like_reconstruction,frozen_before_model_screening
reconstructed_train_0179,train,1179,synthetic_paper_like_reconstruction,frozen_before_model_screening
reconstructed_train_0180,train,1180,synthetic_paper_like_reconstruction,frozen_before_model_screening
reconstructed_train_0181,train,1181,synthetic_paper_like_reconstruction,frozen_before_model_screening
reconstructed_train_0182,train,1182,synthetic_paper_like_reconstruction,frozen_before_model_screening
reconstructed_train_0183,train,1183,synthetic_paper_like_reconstruction,frozen_before_model_screening
reconstructed_train_0184,train,1184,synthetic_paper_like_reconstruction,frozen_before_model_screening
reconstructed_train_0185,train,1185,synthetic_paper_like_reconstruction,frozen_before_model_screening
reconstructed_train_0186,train,1186,synthetic_paper_like_reconstruction,frozen_before_model_screening
reconstructed_train_0187,train,1187,synthetic_paper_like_reconstruction,frozen_before_model_screening
reconstructed_train_0188,train,1188,synthetic_paper_like_reconstruction,frozen_before_model_screening
reconstructed_train_0189,train,1189,synthetic_paper_like_reconstruction,frozen_before_model_screening
reconstructed_train_0190,train,1190,synthetic_paper_like_reconstruction,frozen_before_model_screening
reconstructed_train_0191,train,1191,synthetic_paper_like_reconstruction,frozen_before_model_screening
reconstructed_train_0192,train,1192,synthetic_paper_like_reconstruction,frozen_before_model_screening
reconstructed_train_0193,train,1193,synthetic_paper_like_reconstruction,frozen_before_model_screening
reconstructed_train_0194,train,1194,synthetic_paper_like_reconstruction,frozen_before_model_screening
reconstructed_train_0195,train,1195,synthetic_paper_like_reconstruction,frozen_before_model_screening
reconstructed_train_0196,train,1196,synthetic_paper_like_reconstruction,frozen_before_model_screening
reconstructed_train_0197,train,1197,synthetic_paper_like_reconstruction,frozen_before_model_screening
reconstructed_train_0198,train,1198,synthetic_paper_like_reconstruction,frozen_before_model_screening
reconstructed_train_0199,train,1199,synthetic_paper_like_reconstruction,frozen_before_model_screening
reconstructed_train_0200,train,1200,synthetic_paper_like_reconstruction,frozen_before_model_screening
reconstructed_train_0201,train,1201,synthetic_paper_like_reconstruction,frozen_before_model_screening
reconstructed_train_0202,train,1202,synthetic_paper_like_reconstruction,frozen_before_model_screening
reconstructed_train_0203,train,1203,synthetic_paper_like_reconstruction,frozen_before_model_screening
reconstructed_train_0204,train,1204,synthetic_paper_like_reconstruction,frozen_before_model_screening
reconstructed_train_0205,train,1205,synthetic_paper_like_reconstruction,frozen_before_model_screening
reconstructed_train_0206,train,1206,synthetic_paper_like_reconstruction,frozen_before_model_screening
reconstructed_train_0207,train,1207,synthetic_paper_like_reconstruction,frozen_before_model_screening
reconstructed_train_0208,train,1208,synthetic_paper_like_reconstruction,frozen_before_model_screening
reconstructed_train_0209,train,1209,synthetic_paper_like_reconstruction,frozen_before_model_screening
reconstructed_train_0210,train,1210,synthetic_paper_like_reconstruction,frozen_before_model_screening
reconstructed_train_0211,train,1211,synthetic_paper_like_reconstruction,frozen_before_model_screening
reconstructed_train_0212,train,1212,synthetic_paper_like_reconstruction,frozen_before_model_screening
reconstructed_train_0213,train,1213,synthetic_paper_like_reconstruction,frozen_before_model_screening
reconstructed_train_0214,train,1214,synthetic_paper_like_reconstruction,frozen_before_model_screening
reconstructed_train_0215,train,1215,synthetic_paper_like_reconstruction,frozen_before_model_screening
reconstructed_train_0216,train,1216,synthetic_paper_like_reconstruction,frozen_before_model_screening
reconstructed_train_0217,train,1217,synthetic_paper_like_reconstruction,frozen_before_model_screening
reconstructed_train_0218,train,1218,synthetic_paper_like_reconstruction,frozen_before_model_screening
reconstructed_train_0219,train,1219,synthetic_paper_like_reconstruction,frozen_before_model_screening
reconstructed_train_0220,train,1220,synthetic_paper_like_reconstruction,frozen_before_model_screening
reconstructed_train_0221,train,1221,synthetic_paper_like_reconstruction,frozen_before_model_screening
reconstructed_train_0222,train,1222,synthetic_paper_like_reconstruction,frozen_before_model_screening
reconstructed_train_0223,train,1223,synthetic_paper_like_reconstruction,frozen_before_model_screening
reconstructed_train_0224,train,1224,synthetic_paper_like_reconstruction,frozen_before_model_screening
reconstructed_train_0225,train,1225,synthetic_paper_like_reconstruction,frozen_before_model_screening
reconstructed_train_0226,train,1226,synthetic_paper_like_reconstruction,frozen_before_model_screening
reconstructed_train_0227,train,1227,synthetic_paper_like_reconstruction,frozen_before_model_screening
reconstructed_train_0228,train,1228,synthetic_paper_like_reconstruction,frozen_before_model_screening
reconstructed_train_0229,train,1229,synthetic_paper_like_reconstruction,frozen_before_model_screening
reconstructed_train_0230,train,1230,synthetic_paper_like_reconstruction,frozen_before_model_screening
reconstructed_train_0231,train,1231,synthetic_paper_like_reconstruction,frozen_before_model_screening
reconstructed_train_0232,train,1232,synthetic_paper_like_reconstruction,frozen_before_model_screening
reconstructed_train_0233,train,1233,synthetic_paper_like_reconstruction,frozen_before_model_screening
reconstructed_train_0234,train,1234,synthetic_paper_like_reconstruction,frozen_before_model_screening
reconstructed_train_0235,train,1235,synthetic_paper_like_reconstruction,frozen_before_model_screening
reconstructed_train_0236,train,1236,synthetic_paper_like_reconstruction,frozen_before_model_screening
reconstructed_train_0237,train,1237,synthetic_paper_like_reconstruction,frozen_before_model_screening
reconstructed_train_0238,train,1238,synthetic_paper_like_reconstruction,frozen_before_model_screening
reconstructed_train_0239,train,1239,synthetic_paper_like_reconstruction,frozen_before_model_screening
reconstructed_train_0240,train,1240,synthetic_paper_like_reconstruction,frozen_before_model_screening
reconstructed_train_0241,train,1241,synthetic_paper_like_reconstruction,frozen_before_model_screening
reconstructed_train_0242,train,1242,synthetic_paper_like_reconstruction,frozen_before_model_screening
reconstructed_train_0243,train,1243,synthetic_paper_like_reconstruction,frozen_before_model_screening
reconstructed_train_0244,train,1244,synthetic_paper_like_reconstruction,frozen_before_model_screening
reconstructed_train_0245,train,1245,synthetic_paper_like_reconstruction,frozen_before_model_screening
reconstructed_train_0246,train,1246,synthetic_paper_like_reconstruction,frozen_before_model_screening
reconstructed_train_0247,train,1247,synthetic_paper_like_reconstruction,frozen_before_model_screening
reconstructed_train_0248,train,1248,synthetic_paper_like_reconstruction,frozen_before_model_screening
reconstructed_train_0249,train,1249,synthetic_paper_like_reconstruction,frozen_before_model_screening
reconstructed_train_0250,train,1250,synthetic_paper_like_reconstruction,frozen_before_model_screening
reconstructed_train_0251,train,1251,synthetic_paper_like_reconstruction,frozen_before_model_screening
reconstructed_train_0252,train,1252,synthetic_paper_like_reconstruction,frozen_before_model_screening
reconstructed_train_0253,train,1253,synthetic_paper_like_reconstruction,frozen_before_model_screening
reconstructed_train_0254,train,1254,synthetic_paper_like_reconstruction,frozen_before_model_screening
reconstructed_train_0255,train,1255,synthetic_paper_like_reconstruction,frozen_before_model_screening
reconstructed_train_0256,train,1256,synthetic_paper_like_reconstruction,frozen_before_model_screening
reconstructed_train_0257,train,1257,synthetic_paper_like_reconstruction,frozen_before_model_screening
reconstructed_train_0258,train,1258,synthetic_paper_like_reconstruction,frozen_before_model_screening
reconstructed_train_0259,train,1259,synthetic_paper_like_reconstruction,frozen_before_model_screening
reconstructed_train_0260,train,1260,synthetic_paper_like_reconstruction,frozen_before_model_screening
reconstructed_train_0261,train,1261,synthetic_paper_like_reconstruction,frozen_before_model_screening
reconstructed_train_0262,train,1262,synthetic_paper_like_reconstruction,frozen_before_model_screening
reconstructed_train_0263,train,1263,synthetic_paper_like_reconstruction,frozen_before_model_screening
reconstructed_train_0264,train,1264,synthetic_paper_like_reconstruction,frozen_before_model_screening
reconstructed_train_0265,train,1265,synthetic_paper_like_reconstruction,frozen_before_model_screening
reconstructed_train_0266,train,1266,synthetic_paper_like_reconstruction,frozen_before_model_screening
reconstructed_train_0267,train,1267,synthetic_paper_like_reconstruction,frozen_before_model_screening
reconstructed_train_0268,train,1268,synthetic_paper_like_reconstruction,frozen_before_model_screening
reconstructed_train_0269,train,1269,synthetic_paper_like_reconstruction,frozen_before_model_screening
reconstructed_train_0270,train,1270,synthetic_paper_like_reconstruction,frozen_before_model_screening
reconstructed_train_0271,train,1271,synthetic_paper_like_reconstruction,frozen_before_model_screening
reconstructed_train_0272,train,1272,synthetic_paper_like_reconstruction,frozen_before_model_screening
reconstructed_train_0273,train,1273,synthetic_paper_like_reconstruction,frozen_before_model_screening
reconstructed_train_0274,train,1274,synthetic_paper_like_reconstruction,frozen_before_model_screening
reconstructed_train_0275,train,1275,synthetic_paper_like_reconstruction,frozen_before_model_screening
reconstructed_train_0276,train,1276,synthetic_paper_like_reconstruction,frozen_before_model_screening
reconstructed_train_0277,train,1277,synthetic_paper_like_reconstruction,frozen_before_model_screening
reconstructed_train_0278,train,1278,synthetic_paper_like_reconstruction,frozen_before_model_screening
reconstructed_train_0279,train,1279,synthetic_paper_like_reconstruction,frozen_before_model_screening
reconstructed_train_0280,train,1280,synthetic_paper_like_reconstruction,frozen_before_model_screening
reconstructed_train_0281,train,1281,synthetic_paper_like_reconstruction,frozen_before_model_screening
reconstructed_train_0282,train,1282,synthetic_paper_like_reconstruction,frozen_before_model_screening
reconstructed_train_0283,train,1283,synthetic_paper_like_reconstruction,frozen_before_model_screening
reconstructed_train_0284,train,1284,synthetic_paper_like_reconstruction,frozen_before_model_screening
reconstructed_train_0285,train,1285,synthetic_paper_like_reconstruction,frozen_before_model_screening
reconstructed_train_0286,train,1286,synthetic_paper_like_reconstruction,frozen_before_model_screening
reconstructed_train_0287,train,1287,synthetic_paper_like_reconstruction,frozen_before_model_screening
reconstructed_train_0288,train,1288,synthetic_paper_like_reconstruction,frozen_before_model_screening
reconstructed_train_0289,train,1289,synthetic_paper_like_reconstruction,frozen_before_model_screening
reconstructed_train_0290,train,1290,synthetic_paper_like_reconstruction,frozen_before_model_screening
reconstructed_train_0291,train,1291,synthetic_paper_like_reconstruction,frozen_before_model_screening
reconstructed_train_0292,train,1292,synthetic_paper_like_reconstruction,frozen_before_model_screening
reconstructed_train_0293,train,1293,synthetic_paper_like_reconstruction,frozen_before_model_screening
reconstructed_train_0294,train,1294,synthetic_paper_like_reconstruction,frozen_before_model_screening
reconstructed_train_0295,train,1295,synthetic_paper_like_reconstruction,frozen_before_model_screening
reconstructed_train_0296,train,1296,synthetic_paper_like_reconstruction,frozen_before_model_screening
reconstructed_train_0297,train,1297,synthetic_paper_like_reconstruction,frozen_before_model_screening
reconstructed_train_0298,train,1298,synthetic_paper_like_reconstruction,frozen_before_model_screening
reconstructed_train_0299,train,1299,synthetic_paper_like_reconstruction,frozen_before_model_screening
reconstructed_train_0300,train,1300,synthetic_paper_like_reconstruction,frozen_before_model_screening
reconstructed_train_0301,train,1301,synthetic_paper_like_reconstruction,frozen_before_model_screening
reconstructed_train_0302,train,1302,synthetic_paper_like_reconstruction,frozen_before_model_screening
reconstructed_train_0303,train,1303,synthetic_paper_like_reconstruction,frozen_before_model_screening
reconstructed_train_0304,train,1304,synthetic_paper_like_reconstruction,frozen_before_model_screening
reconstructed_train_0305,train,1305,synthetic_paper_like_reconstruction,frozen_before_model_screening
reconstructed_train_0306,train,1306,synthetic_paper_like_reconstruction,frozen_before_model_screening
reconstructed_train_0307,train,1307,synthetic_paper_like_reconstruction,frozen_before_model_screening
reconstructed_train_0308,train,1308,synthetic_paper_like_reconstruction,frozen_before_model_screening
reconstructed_train_0309,train,1309,synthetic_paper_like_reconstruction,frozen_before_model_screening
reconstructed_train_0310,train,1310,synthetic_paper_like_reconstruction,frozen_before_model_screening
reconstructed_train_0311,train,1311,synthetic_paper_like_reconstruction,frozen_before_model_screening
reconstructed_train_0312,train,1312,synthetic_paper_like_reconstruction,frozen_before_model_screening
reconstructed_train_0313,train,1313,synthetic_paper_like_reconstruction,frozen_before_model_screening
reconstructed_train_0314,train,1314,synthetic_paper_like_reconstruction,frozen_before_model_screening
reconstructed_train_0315,train,1315,synthetic_paper_like_reconstruction,frozen_before_model_screening
reconstructed_train_0316,train,1316,synthetic_paper_like_reconstruction,frozen_before_model_screening
reconstructed_train_0317,train,1317,synthetic_paper_like_reconstruction,frozen_before_model_screening
reconstructed_train_0318,train,1318,synthetic_paper_like_reconstruction,frozen_before_model_screening
reconstructed_train_0319,train,1319,synthetic_paper_like_reconstruction,frozen_before_model_screening
reconstructed_train_0320,train,1320,synthetic_paper_like_reconstruction,frozen_before_model_screening
reconstructed_train_0321,train,1321,synthetic_paper_like_reconstruction,frozen_before_model_screening
reconstructed_train_0322,train,1322,synthetic_paper_like_reconstruction,frozen_before_model_screening
reconstructed_train_0323,train,1323,synthetic_paper_like_reconstruction,frozen_before_model_screening
reconstructed_train_0324,train,1324,synthetic_paper_like_reconstruction,frozen_before_model_screening
reconstructed_train_0325,train,1325,synthetic_paper_like_reconstruction,frozen_before_model_screening
reconstructed_train_0326,train,1326,synthetic_paper_like_reconstruction,frozen_before_model_screening
reconstructed_train_0327,train,1327,synthetic_paper_like_reconstruction,frozen_before_model_screening
reconstructed_train_0328,train,1328,synthetic_paper_like_reconstruction,frozen_before_model_screening
reconstructed_train_0329,train,1329,synthetic_paper_like_reconstruction,frozen_before_model_screening
reconstructed_train_0330,train,1330,synthetic_paper_like_reconstruction,frozen_before_model_screening
reconstructed_train_0331,train,1331,synthetic_paper_like_reconstruction,frozen_before_model_screening
reconstructed_train_0332,train,1332,synthetic_paper_like_reconstruction,frozen_before_model_screening
reconstructed_train_0333,train,1333,synthetic_paper_like_reconstruction,frozen_before_model_screening
reconstructed_train_0334,train,1334,synthetic_paper_like_reconstruction,frozen_before_model_screening
reconstructed_train_0335,train,1335,synthetic_paper_like_reconstruction,frozen_before_model_screening
reconstructed_train_0336,train,1336,synthetic_paper_like_reconstruction,frozen_before_model_screening
reconstructed_train_0337,train,1337,synthetic_paper_like_reconstruction,frozen_before_model_screening
reconstructed_train_0338,train,1338,synthetic_paper_like_reconstruction,frozen_before_model_screening
reconstructed_train_0339,train,1339,synthetic_paper_like_reconstruction,frozen_before_model_screening
reconstructed_train_0340,train,1340,synthetic_paper_like_reconstruction,frozen_before_model_screening
reconstructed_train_0341,train,1341,synthetic_paper_like_reconstruction,frozen_before_model_screening
reconstructed_train_0342,train,1342,synthetic_paper_like_reconstruction,frozen_before_model_screening
reconstructed_train_0343,train,1343,synthetic_paper_like_reconstruction,frozen_before_model_screening
reconstructed_train_0344,train,1344,synthetic_paper_like_reconstruction,frozen_before_model_screening
reconstructed_train_0345,train,1345,synthetic_paper_like_reconstruction,frozen_before_model_screening
reconstructed_train_0346,train,1346,synthetic_paper_like_reconstruction,frozen_before_model_screening
reconstructed_train_0347,train,1347,synthetic_paper_like_reconstruction,frozen_before_model_screening
reconstructed_train_0348,train,1348,synthetic_paper_like_reconstruction,frozen_before_model_screening
reconstructed_train_0349,train,1349,synthetic_paper_like_reconstruction,frozen_before_model_screening
reconstructed_train_0350,train,1350,synthetic_paper_like_reconstruction,frozen_before_model_screening
reconstructed_train_0351,train,1351,synthetic_paper_like_reconstruction,frozen_before_model_screening
reconstructed_train_0352,train,1352,synthetic_paper_like_reconstruction,frozen_before_model_screening
reconstructed_train_0353,train,1353,synthetic_paper_like_reconstruction,frozen_before_model_screening
reconstructed_train_0354,train,1354,synthetic_paper_like_reconstruction,frozen_before_model_screening
reconstructed_train_0355,train,1355,synthetic_paper_like_reconstruction,frozen_before_model_screening
reconstructed_train_0356,train,1356,synthetic_paper_like_reconstruction,frozen_before_model_screening
reconstructed_train_0357,train,1357,synthetic_paper_like_reconstruction,frozen_before_model_screening
reconstructed_train_0358,train,1358,synthetic_paper_like_reconstruction,frozen_before_model_screening
reconstructed_train_0359,train,1359,synthetic_paper_like_reconstruction,frozen_before_model_screening
reconstructed_train_0360,train,1360,synthetic_paper_like_reconstruction,frozen_before_model_screening
reconstructed_train_0361,train,1361,synthetic_paper_like_reconstruction,frozen_before_model_screening
reconstructed_train_0362,train,1362,synthetic_paper_like_reconstruction,frozen_before_model_screening
reconstructed_train_0363,train,1363,synthetic_paper_like_reconstruction,frozen_before_model_screening
reconstructed_train_0364,train,1364,synthetic_paper_like_reconstruction,frozen_before_model_screening
reconstructed_train_0365,train,1365,synthetic_paper_like_reconstruction,frozen_before_model_screening
reconstructed_train_0366,train,1366,synthetic_paper_like_reconstruction,frozen_before_model_screening
reconstructed_train_0367,train,1367,synthetic_paper_like_reconstruction,frozen_before_model_screening
reconstructed_train_0368,train,1368,synthetic_paper_like_reconstruction,frozen_before_model_screening
reconstructed_train_0369,train,1369,synthetic_paper_like_reconstruction,frozen_before_model_screening
reconstructed_train_0370,train,1370,synthetic_paper_like_reconstruction,frozen_before_model_screening
reconstructed_train_0371,train,1371,synthetic_paper_like_reconstruction,frozen_before_model_screening
reconstructed_train_0372,train,1372,synthetic_paper_like_reconstruction,frozen_before_model_screening
reconstructed_train_0373,train,1373,synthetic_paper_like_reconstruction,frozen_before_model_screening
reconstructed_train_0374,train,1374,synthetic_paper_like_reconstruction,frozen_before_model_screening
reconstructed_train_0375,train,1375,synthetic_paper_like_reconstruction,frozen_before_model_screening
reconstructed_train_0376,train,1376,synthetic_paper_like_reconstruction,frozen_before_model_screening
reconstructed_train_0377,train,1377,synthetic_paper_like_reconstruction,frozen_before_model_screening
reconstructed_train_0378,train,1378,synthetic_paper_like_reconstruction,frozen_before_model_screening
reconstructed_train_0379,train,1379,synthetic_paper_like_reconstruction,frozen_before_model_screening
reconstructed_train_0380,train,1380,synthetic_paper_like_reconstruction,frozen_before_model_screening
reconstructed_train_0381,train,1381,synthetic_paper_like_reconstruction,frozen_before_model_screening
reconstructed_train_0382,train,1382,synthetic_paper_like_reconstruction,frozen_before_model_screening
reconstructed_train_0383,train,1383,synthetic_paper_like_reconstruction,frozen_before_model_screening
reconstructed_train_0384,train,1384,synthetic_paper_like_reconstruction,frozen_before_model_screening
reconstructed_train_0385,train,1385,synthetic_paper_like_reconstruction,frozen_before_model_screening
reconstructed_train_0386,train,1386,synthetic_paper_like_reconstruction,frozen_before_model_screening
reconstructed_train_0387,train,1387,synthetic_paper_like_reconstruction,frozen_before_model_screening
reconstructed_train_0388,train,1388,synthetic_paper_like_reconstruction,frozen_before_model_screening
reconstructed_train_0389,train,1389,synthetic_paper_like_reconstruction,frozen_before_model_screening
reconstructed_train_0390,train,1390,synthetic_paper_like_reconstruction,frozen_before_model_screening
reconstructed_train_0391,train,1391,synthetic_paper_like_reconstruction,frozen_before_model_screening
reconstructed_train_0392,train,1392,synthetic_paper_like_reconstruction,frozen_before_model_screening
reconstructed_train_0393,train,1393,synthetic_paper_like_reconstruction,frozen_before_model_screening
reconstructed_train_0394,train,1394,synthetic_paper_like_reconstruction,frozen_before_model_screening
reconstructed_train_0395,train,1395,synthetic_paper_like_reconstruction,frozen_before_model_screening
reconstructed_train_0396,train,1396,synthetic_paper_like_reconstruction,frozen_before_model_screening
reconstructed_train_0397,train,1397,synthetic_paper_like_reconstruction,frozen_before_model_screening
reconstructed_train_0398,train,1398,synthetic_paper_like_reconstruction,frozen_before_model_screening
reconstructed_train_0399,train,1399,synthetic_paper_like_reconstruction,frozen_before_model_screening
reconstructed_train_0400,train,1400,synthetic_paper_like_reconstruction,frozen_before_model_screening
reconstructed_train_0401,train,1401,synthetic_paper_like_reconstruction,frozen_before_model_screening
reconstructed_train_0402,train,1402,synthetic_paper_like_reconstruction,frozen_before_model_screening
reconstructed_train_0403,train,1403,synthetic_paper_like_reconstruction,frozen_before_model_screening
reconstructed_train_0404,train,1404,synthetic_paper_like_reconstruction,frozen_before_model_screening
reconstructed_train_0405,train,1405,synthetic_paper_like_reconstruction,frozen_before_model_screening
reconstructed_train_0406,train,1406,synthetic_paper_like_reconstruction,frozen_before_model_screening
reconstructed_train_0407,train,1407,synthetic_paper_like_reconstruction,frozen_before_model_screening
reconstructed_train_0408,train,1408,synthetic_paper_like_reconstruction,frozen_before_model_screening
reconstructed_train_0409,train,1409,synthetic_paper_like_reconstruction,frozen_before_model_screening
reconstructed_train_0410,train,1410,synthetic_paper_like_reconstruction,frozen_before_model_screening
reconstructed_train_0411,train,1411,synthetic_paper_like_reconstruction,frozen_before_model_screening
reconstructed_train_0412,train,1412,synthetic_paper_like_reconstruction,frozen_before_model_screening
reconstructed_train_0413,train,1413,synthetic_paper_like_reconstruction,frozen_before_model_screening
reconstructed_train_0414,train,1414,synthetic_paper_like_reconstruction,frozen_before_model_screening
reconstructed_train_0415,train,1415,synthetic_paper_like_reconstruction,frozen_before_model_screening
reconstructed_train_0416,train,1416,synthetic_paper_like_reconstruction,frozen_before_model_screening
reconstructed_train_0417,train,1417,synthetic_paper_like_reconstruction,frozen_before_model_screening
reconstructed_train_0418,train,1418,synthetic_paper_like_reconstruction,frozen_before_model_screening
reconstructed_train_0419,train,1419,synthetic_paper_like_reconstruction,frozen_before_model_screening
reconstructed_train_0420,train,1420,synthetic_paper_like_reconstruction,frozen_before_model_screening
reconstructed_train_0421,train,1421,synthetic_paper_like_reconstruction,frozen_before_model_screening
reconstructed_train_0422,train,1422,synthetic_paper_like_reconstruction,frozen_before_model_screening
reconstructed_train_0423,train,1423,synthetic_paper_like_reconstruction,frozen_before_model_screening
reconstructed_train_0424,train,1424,synthetic_paper_like_reconstruction,frozen_before_model_screening
reconstructed_train_0425,train,1425,synthetic_paper_like_reconstruction,frozen_before_model_screening
reconstructed_train_0426,train,1426,synthetic_paper_like_reconstruction,frozen_before_model_screening
reconstructed_train_0427,train,1427,synthetic_paper_like_reconstruction,frozen_before_model_screening
reconstructed_train_0428,train,1428,synthetic_paper_like_reconstruction,frozen_before_model_screening
reconstructed_train_0429,train,1429,synthetic_paper_like_reconstruction,frozen_before_model_screening
reconstructed_train_0430,train,1430,synthetic_paper_like_reconstruction,frozen_before_model_screening
reconstructed_train_0431,train,1431,synthetic_paper_like_reconstruction,frozen_before_model_screening
reconstructed_train_0432,train,1432,synthetic_paper_like_reconstruction,frozen_before_model_screening
reconstructed_train_0433,train,1433,synthetic_paper_like_reconstruction,frozen_before_model_screening
reconstructed_train_0434,train,1434,synthetic_paper_like_reconstruction,frozen_before_model_screening
reconstructed_train_0435,train,1435,synthetic_paper_like_reconstruction,frozen_before_model_screening
reconstructed_train_0436,train,1436,synthetic_paper_like_reconstruction,frozen_before_model_screening
reconstructed_train_0437,train,1437,synthetic_paper_like_reconstruction,frozen_before_model_screening
reconstructed_train_0438,train,1438,synthetic_paper_like_reconstruction,frozen_before_model_screening
reconstructed_train_0439,train,1439,synthetic_paper_like_reconstruction,frozen_before_model_screening
reconstructed_train_0440,train,1440,synthetic_paper_like_reconstruction,frozen_before_model_screening
reconstructed_train_0441,train,1441,synthetic_paper_like_reconstruction,frozen_before_model_screening
reconstructed_train_0442,train,1442,synthetic_paper_like_reconstruction,frozen_before_model_screening
reconstructed_train_0443,train,1443,synthetic_paper_like_reconstruction,frozen_before_model_screening
reconstructed_train_0444,train,1444,synthetic_paper_like_reconstruction,frozen_before_model_screening
reconstructed_train_0445,train,1445,synthetic_paper_like_reconstruction,frozen_before_model_screening
reconstructed_train_0446,train,1446,synthetic_paper_like_reconstruction,frozen_before_model_screening
reconstructed_train_0447,train,1447,synthetic_paper_like_reconstruction,frozen_before_model_screening
reconstructed_train_0448,train,1448,synthetic_paper_like_reconstruction,frozen_before_model_screening
reconstructed_train_0449,train,1449,synthetic_paper_like_reconstruction,frozen_before_model_screening
reconstructed_train_0450,train,1450,synthetic_paper_like_reconstruction,frozen_before_model_screening
reconstructed_train_0451,train,1451,synthetic_paper_like_reconstruction,frozen_before_model_screening
reconstructed_train_0452,train,1452,synthetic_paper_like_reconstruction,frozen_before_model_screening
reconstructed_train_0453,train,1453,synthetic_paper_like_reconstruction,frozen_before_model_screening
reconstructed_train_0454,train,1454,synthetic_paper_like_reconstruction,frozen_before_model_screening
reconstructed_train_0455,train,1455,synthetic_paper_like_reconstruction,frozen_before_model_screening
reconstructed_train_0456,train,1456,synthetic_paper_like_reconstruction,frozen_before_model_screening
reconstructed_train_0457,train,1457,synthetic_paper_like_reconstruction,frozen_before_model_screening
reconstructed_train_0458,train,1458,synthetic_paper_like_reconstruction,frozen_before_model_screening
reconstructed_train_0459,train,1459,synthetic_paper_like_reconstruction,frozen_before_model_screening
reconstructed_train_0460,train,1460,synthetic_paper_like_reconstruction,frozen_before_model_screening
reconstructed_train_0461,train,1461,synthetic_paper_like_reconstruction,frozen_before_model_screening
reconstructed_train_0462,train,1462,synthetic_paper_like_reconstruction,frozen_before_model_screening
reconstructed_train_0463,train,1463,synthetic_paper_like_reconstruction,frozen_before_model_screening
reconstructed_train_0464,train,1464,synthetic_paper_like_reconstruction,frozen_before_model_screening
reconstructed_train_0465,train,1465,synthetic_paper_like_reconstruction,frozen_before_model_screening
reconstructed_train_0466,train,1466,synthetic_paper_like_reconstruction,frozen_before_model_screening
reconstructed_train_0467,train,1467,synthetic_paper_like_reconstruction,frozen_before_model_screening
reconstructed_train_0468,train,1468,synthetic_paper_like_reconstruction,frozen_before_model_screening
reconstructed_train_0469,train,1469,synthetic_paper_like_reconstruction,frozen_before_model_screening
reconstructed_train_0470,train,1470,synthetic_paper_like_reconstruction,frozen_before_model_screening
reconstructed_train_0471,train,1471,synthetic_paper_like_reconstruction,frozen_before_model_screening
reconstructed_train_0472,train,1472,synthetic_paper_like_reconstruction,frozen_before_model_screening
reconstructed_train_0473,train,1473,synthetic_paper_like_reconstruction,frozen_before_model_screening
reconstructed_train_0474,train,1474,synthetic_paper_like_reconstruction,frozen_before_model_screening
reconstructed_train_0475,train,1475,synthetic_paper_like_reconstruction,frozen_before_model_screening
reconstructed_train_0476,train,1476,synthetic_paper_like_reconstruction,frozen_before_model_screening
reconstructed_train_0477,train,1477,synthetic_paper_like_reconstruction,frozen_before_model_screening
reconstructed_train_0478,train,1478,synthetic_paper_like_reconstruction,frozen_before_model_screening
reconstructed_train_0479,train,1479,synthetic_paper_like_reconstruction,frozen_before_model_screening
reconstructed_train_0480,train,1480,synthetic_paper_like_reconstruction,frozen_before_model_screening
reconstructed_train_0481,train,1481,synthetic_paper_like_reconstruction,frozen_before_model_screening
reconstructed_train_0482,train,1482,synthetic_paper_like_reconstruction,frozen_before_model_screening
reconstructed_train_0483,train,1483,synthetic_paper_like_reconstruction,frozen_before_model_screening
reconstructed_train_0484,train,1484,synthetic_paper_like_reconstruction,frozen_before_model_screening
reconstructed_train_0485,train,1485,synthetic_paper_like_reconstruction,frozen_before_model_screening
reconstructed_train_0486,train,1486,synthetic_paper_like_reconstruction,frozen_before_model_screening
reconstructed_train_0487,train,1487,synthetic_paper_like_reconstruction,frozen_before_model_screening
reconstructed_train_0488,train,1488,synthetic_paper_like_reconstruction,frozen_before_model_screening
reconstructed_train_0489,train,1489,synthetic_paper_like_reconstruction,frozen_before_model_screening
reconstructed_train_0490,train,1490,synthetic_paper_like_reconstruction,frozen_before_model_screening
reconstructed_train_0491,train,1491,synthetic_paper_like_reconstruction,frozen_before_model_screening
reconstructed_train_0492,train,1492,synthetic_paper_like_reconstruction,frozen_before_model_screening
reconstructed_train_0493,train,1493,synthetic_paper_like_reconstruction,frozen_before_model_screening
reconstructed_train_0494,train,1494,synthetic_paper_like_reconstruction,frozen_before_model_screening
reconstructed_train_0495,train,1495,synthetic_paper_like_reconstruction,frozen_before_model_screening
reconstructed_train_0496,train,1496,synthetic_paper_like_reconstruction,frozen_before_model_screening
reconstructed_train_0497,train,1497,synthetic_paper_like_reconstruction,frozen_before_model_screening
reconstructed_train_0498,train,1498,synthetic_paper_like_reconstruction,frozen_before_model_screening
reconstructed_train_0499,train,1499,synthetic_paper_like_reconstruction,frozen_before_model_screening
reconstructed_train_0500,train,1500,synthetic_paper_like_reconstruction,frozen_before_model_screening
reconstructed_train_0501,train,1501,synthetic_paper_like_reconstruction,frozen_before_model_screening
reconstructed_train_0502,train,1502,synthetic_paper_like_reconstruction,frozen_before_model_screening
reconstructed_train_0503,train,1503,synthetic_paper_like_reconstruction,frozen_before_model_screening
reconstructed_train_0504,train,1504,synthetic_paper_like_reconstruction,frozen_before_model_screening
reconstructed_train_0505,train,1505,synthetic_paper_like_reconstruction,frozen_before_model_screening
reconstructed_train_0506,train,1506,synthetic_paper_like_reconstruction,frozen_before_model_screening
reconstructed_train_0507,train,1507,synthetic_paper_like_reconstruction,frozen_before_model_screening
reconstructed_train_0508,train,1508,synthetic_paper_like_reconstruction,frozen_before_model_screening
reconstructed_train_0509,train,1509,synthetic_paper_like_reconstruction,frozen_before_model_screening
reconstructed_train_0510,train,1510,synthetic_paper_like_reconstruction,frozen_before_model_screening
reconstructed_train_0511,train,1511,synthetic_paper_like_reconstruction,frozen_before_model_screening
reconstructed_train_0512,train,1512,synthetic_paper_like_reconstruction,frozen_before_model_screening
reconstructed_train_0513,train,1513,synthetic_paper_like_reconstruction,frozen_before_model_screening
reconstructed_train_0514,train,1514,synthetic_paper_like_reconstruction,frozen_before_model_screening
reconstructed_train_0515,train,1515,synthetic_paper_like_reconstruction,frozen_before_model_screening
reconstructed_train_0516,train,1516,synthetic_paper_like_reconstruction,frozen_before_model_screening
reconstructed_train_0517,train,1517,synthetic_paper_like_reconstruction,frozen_before_model_screening
reconstructed_train_0518,train,1518,synthetic_paper_like_reconstruction,frozen_before_model_screening
reconstructed_train_0519,train,1519,synthetic_paper_like_reconstruction,frozen_before_model_screening
reconstructed_train_0520,train,1520,synthetic_paper_like_reconstruction,frozen_before_model_screening
reconstructed_train_0521,train,1521,synthetic_paper_like_reconstruction,frozen_before_model_screening
reconstructed_train_0522,train,1522,synthetic_paper_like_reconstruction,frozen_before_model_screening
reconstructed_train_0523,train,1523,synthetic_paper_like_reconstruction,frozen_before_model_screening
reconstructed_train_0524,train,1524,synthetic_paper_like_reconstruction,frozen_before_model_screening
reconstructed_train_0525,train,1525,synthetic_paper_like_reconstruction,frozen_before_model_screening
reconstructed_train_0526,train,1526,synthetic_paper_like_reconstruction,frozen_before_model_screening
reconstructed_train_0527,train,1527,synthetic_paper_like_reconstruction,frozen_before_model_screening
reconstructed_train_0528,train,1528,synthetic_paper_like_reconstruction,frozen_before_model_screening
reconstructed_train_0529,train,1529,synthetic_paper_like_reconstruction,frozen_before_model_screening
reconstructed_train_0530,train,1530,synthetic_paper_like_reconstruction,frozen_before_model_screening
reconstructed_train_0531,train,1531,synthetic_paper_like_reconstruction,frozen_before_model_screening
reconstructed_train_0532,train,1532,synthetic_paper_like_reconstruction,frozen_before_model_screening
reconstructed_train_0533,train,1533,synthetic_paper_like_reconstruction,frozen_before_model_screening
reconstructed_train_0534,train,1534,synthetic_paper_like_reconstruction,frozen_before_model_screening
reconstructed_train_0535,train,1535,synthetic_paper_like_reconstruction,frozen_before_model_screening
reconstructed_train_0536,train,1536,synthetic_paper_like_reconstruction,frozen_before_model_screening
reconstructed_train_0537,train,1537,synthetic_paper_like_reconstruction,frozen_before_model_screening
reconstructed_train_0538,train,1538,synthetic_paper_like_reconstruction,frozen_before_model_screening
reconstructed_train_0539,train,1539,synthetic_paper_like_reconstruction,frozen_before_model_screening
reconstructed_train_0540,train,1540,synthetic_paper_like_reconstruction,frozen_before_model_screening
reconstructed_train_0541,train,1541,synthetic_paper_like_reconstruction,frozen_before_model_screening
reconstructed_train_0542,train,1542,synthetic_paper_like_reconstruction,frozen_before_model_screening
reconstructed_train_0543,train,1543,synthetic_paper_like_reconstruction,frozen_before_model_screening
reconstructed_train_0544,train,1544,synthetic_paper_like_reconstruction,frozen_before_model_screening
reconstructed_train_0545,train,1545,synthetic_paper_like_reconstruction,frozen_before_model_screening
reconstructed_train_0546,train,1546,synthetic_paper_like_reconstruction,frozen_before_model_screening
reconstructed_train_0547,train,1547,synthetic_paper_like_reconstruction,frozen_before_model_screening
reconstructed_train_0548,train,1548,synthetic_paper_like_reconstruction,frozen_before_model_screening
reconstructed_train_0549,train,1549,synthetic_paper_like_reconstruction,frozen_before_model_screening
reconstructed_train_0550,train,1550,synthetic_paper_like_reconstruction,frozen_before_model_screening
reconstructed_train_0551,train,1551,synthetic_paper_like_reconstruction,frozen_before_model_screening
reconstructed_train_0552,train,1552,synthetic_paper_like_reconstruction,frozen_before_model_screening
reconstructed_train_0553,train,1553,synthetic_paper_like_reconstruction,frozen_before_model_screening
reconstructed_train_0554,train,1554,synthetic_paper_like_reconstruction,frozen_before_model_screening
reconstructed_train_0555,train,1555,synthetic_paper_like_reconstruction,frozen_before_model_screening
reconstructed_train_0556,train,1556,synthetic_paper_like_reconstruction,frozen_before_model_screening
reconstructed_train_0557,train,1557,synthetic_paper_like_reconstruction,frozen_before_model_screening
reconstructed_train_0558,train,1558,synthetic_paper_like_reconstruction,frozen_before_model_screening
reconstructed_train_0559,train,1559,synthetic_paper_like_reconstruction,frozen_before_model_screening
reconstructed_train_0560,train,1560,synthetic_paper_like_reconstruction,frozen_before_model_screening
reconstructed_train_0561,train,1561,synthetic_paper_like_reconstruction,frozen_before_model_screening
reconstructed_train_0562,train,1562,synthetic_paper_like_reconstruction,frozen_before_model_screening
reconstructed_train_0563,train,1563,synthetic_paper_like_reconstruction,frozen_before_model_screening
reconstructed_train_0564,train,1564,synthetic_paper_like_reconstruction,frozen_before_model_screening
reconstructed_train_0565,train,1565,synthetic_paper_like_reconstruction,frozen_before_model_screening
reconstructed_train_0566,train,1566,synthetic_paper_like_reconstruction,frozen_before_model_screening
reconstructed_train_0567,train,1567,synthetic_paper_like_reconstruction,frozen_before_model_screening
reconstructed_train_0568,train,1568,synthetic_paper_like_reconstruction,frozen_before_model_screening
reconstructed_train_0569,train,1569,synthetic_paper_like_reconstruction,frozen_before_model_screening
reconstructed_train_0570,train,1570,synthetic_paper_like_reconstruction,frozen_before_model_screening
reconstructed_train_0571,train,1571,synthetic_paper_like_reconstruction,frozen_before_model_screening
reconstructed_train_0572,train,1572,synthetic_paper_like_reconstruction,frozen_before_model_screening
reconstructed_train_0573,train,1573,synthetic_paper_like_reconstruction,frozen_before_model_screening
reconstructed_train_0574,train,1574,synthetic_paper_like_reconstruction,frozen_before_model_screening
reconstructed_train_0575,train,1575,synthetic_paper_like_reconstruction,frozen_before_model_screening
reconstructed_train_0576,train,1576,synthetic_paper_like_reconstruction,frozen_before_model_screening
reconstructed_train_0577,train,1577,synthetic_paper_like_reconstruction,frozen_before_model_screening
reconstructed_train_0578,train,1578,synthetic_paper_like_reconstruction,frozen_before_model_screening
reconstructed_train_0579,train,1579,synthetic_paper_like_reconstruction,frozen_before_model_screening
reconstructed_train_0580,train,1580,synthetic_paper_like_reconstruction,frozen_before_model_screening
reconstructed_train_0581,train,1581,synthetic_paper_like_reconstruction,frozen_before_model_screening
reconstructed_train_0582,train,1582,synthetic_paper_like_reconstruction,frozen_before_model_screening
reconstructed_train_0583,train,1583,synthetic_paper_like_reconstruction,frozen_before_model_screening
reconstructed_train_0584,train,1584,synthetic_paper_like_reconstruction,frozen_before_model_screening
reconstructed_train_0585,train,1585,synthetic_paper_like_reconstruction,frozen_before_model_screening
reconstructed_train_0586,train,1586,synthetic_paper_like_reconstruction,frozen_before_model_screening
reconstructed_train_0587,train,1587,synthetic_paper_like_reconstruction,frozen_before_model_screening
reconstructed_train_0588,train,1588,synthetic_paper_like_reconstruction,frozen_before_model_screening
reconstructed_train_0589,train,1589,synthetic_paper_like_reconstruction,frozen_before_model_screening
reconstructed_train_0590,train,1590,synthetic_paper_like_reconstruction,frozen_before_model_screening
reconstructed_train_0591,train,1591,synthetic_paper_like_reconstruction,frozen_before_model_screening
reconstructed_train_0592,train,1592,synthetic_paper_like_reconstruction,frozen_before_model_screening
reconstructed_train_0593,train,1593,synthetic_paper_like_reconstruction,frozen_before_model_screening
reconstructed_train_0594,train,1594,synthetic_paper_like_reconstruction,frozen_before_model_screening
reconstructed_train_0595,train,1595,synthetic_paper_like_reconstruction,frozen_before_model_screening
reconstructed_train_0596,train,1596,synthetic_paper_like_reconstruction,frozen_before_model_screening
reconstructed_train_0597,train,1597,synthetic_paper_like_reconstruction,frozen_before_model_screening
reconstructed_train_0598,train,1598,synthetic_paper_like_reconstruction,frozen_before_model_screening
reconstructed_train_0599,train,1599,synthetic_paper_like_reconstruction,frozen_before_model_screening
reconstructed_validation_0000,validation,2000,synthetic_paper_like_reconstruction,frozen_before_model_screening
reconstructed_validation_0001,validation,2001,synthetic_paper_like_reconstruction,frozen_before_model_screening
reconstructed_validation_0002,validation,2002,synthetic_paper_like_reconstruction,frozen_before_model_screening
reconstructed_validation_0003,validation,2003,synthetic_paper_like_reconstruction,frozen_before_model_screening
reconstructed_validation_0004,validation,2004,synthetic_paper_like_reconstruction,frozen_before_model_screening
reconstructed_validation_0005,validation,2005,synthetic_paper_like_reconstruction,frozen_before_model_screening
reconstructed_validation_0006,validation,2006,synthetic_paper_like_reconstruction,frozen_before_model_screening
reconstructed_validation_0007,validation,2007,synthetic_paper_like_reconstruction,frozen_before_model_screening
reconstructed_validation_0008,validation,2008,synthetic_paper_like_reconstruction,frozen_before_model_screening
reconstructed_validation_0009,validation,2009,synthetic_paper_like_reconstruction,frozen_before_model_screening
reconstructed_validation_0010,validation,2010,synthetic_paper_like_reconstruction,frozen_before_model_screening
reconstructed_validation_0011,validation,2011,synthetic_paper_like_reconstruction,frozen_before_model_screening
reconstructed_validation_0012,validation,2012,synthetic_paper_like_reconstruction,frozen_before_model_screening
reconstructed_validation_0013,validation,2013,synthetic_paper_like_reconstruction,frozen_before_model_screening
reconstructed_validation_0014,validation,2014,synthetic_paper_like_reconstruction,frozen_before_model_screening
reconstructed_validation_0015,validation,2015,synthetic_paper_like_reconstruction,frozen_before_model_screening
reconstructed_validation_0016,validation,2016,synthetic_paper_like_reconstruction,frozen_before_model_screening
reconstructed_validation_0017,validation,2017,synthetic_paper_like_reconstruction,frozen_before_model_screening
reconstructed_validation_0018,validation,2018,synthetic_paper_like_reconstruction,frozen_before_model_screening
reconstructed_validation_0019,validation,2019,synthetic_paper_like_reconstruction,frozen_before_model_screening
reconstructed_validation_0020,validation,2020,synthetic_paper_like_reconstruction,frozen_before_model_screening
reconstructed_validation_0021,validation,2021,synthetic_paper_like_reconstruction,frozen_before_model_screening
reconstructed_validation_0022,validation,2022,synthetic_paper_like_reconstruction,frozen_before_model_screening
reconstructed_validation_0023,validation,2023,synthetic_paper_like_reconstruction,frozen_before_model_screening
reconstructed_validation_0024,validation,2024,synthetic_paper_like_reconstruction,frozen_before_model_screening
reconstructed_validation_0025,validation,2025,synthetic_paper_like_reconstruction,frozen_before_model_screening
reconstructed_validation_0026,validation,2026,synthetic_paper_like_reconstruction,frozen_before_model_screening
reconstructed_validation_0027,validation,2027,synthetic_paper_like_reconstruction,frozen_before_model_screening
reconstructed_validation_0028,validation,2028,synthetic_paper_like_reconstruction,frozen_before_model_screening
reconstructed_validation_0029,validation,2029,synthetic_paper_like_reconstruction,frozen_before_model_screening
reconstructed_validation_0030,validation,2030,synthetic_paper_like_reconstruction,frozen_before_model_screening
reconstructed_validation_0031,validation,2031,synthetic_paper_like_reconstruction,frozen_before_model_screening
reconstructed_validation_0032,validation,2032,synthetic_paper_like_reconstruction,frozen_before_model_screening
reconstructed_validation_0033,validation,2033,synthetic_paper_like_reconstruction,frozen_before_model_screening
reconstructed_validation_0034,validation,2034,synthetic_paper_like_reconstruction,frozen_before_model_screening
reconstructed_validation_0035,validation,2035,synthetic_paper_like_reconstruction,frozen_before_model_screening
reconstructed_validation_0036,validation,2036,synthetic_paper_like_reconstruction,frozen_before_model_screening
reconstructed_validation_0037,validation,2037,synthetic_paper_like_reconstruction,frozen_before_model_screening
reconstructed_validation_0038,validation,2038,synthetic_paper_like_reconstruction,frozen_before_model_screening
reconstructed_validation_0039,validation,2039,synthetic_paper_like_reconstruction,frozen_before_model_screening
reconstructed_validation_0040,validation,2040,synthetic_paper_like_reconstruction,frozen_before_model_screening
reconstructed_validation_0041,validation,2041,synthetic_paper_like_reconstruction,frozen_before_model_screening
reconstructed_validation_0042,validation,2042,synthetic_paper_like_reconstruction,frozen_before_model_screening
reconstructed_validation_0043,validation,2043,synthetic_paper_like_reconstruction,frozen_before_model_screening
reconstructed_validation_0044,validation,2044,synthetic_paper_like_reconstruction,frozen_before_model_screening
reconstructed_validation_0045,validation,2045,synthetic_paper_like_reconstruction,frozen_before_model_screening
reconstructed_validation_0046,validation,2046,synthetic_paper_like_reconstruction,frozen_before_model_screening
reconstructed_validation_0047,validation,2047,synthetic_paper_like_reconstruction,frozen_before_model_screening
reconstructed_validation_0048,validation,2048,synthetic_paper_like_reconstruction,frozen_before_model_screening
reconstructed_validation_0049,validation,2049,synthetic_paper_like_reconstruction,frozen_before_model_screening
reconstructed_validation_0050,validation,2050,synthetic_paper_like_reconstruction,frozen_before_model_screening
reconstructed_validation_0051,validation,2051,synthetic_paper_like_reconstruction,frozen_before_model_screening
reconstructed_validation_0052,validation,2052,synthetic_paper_like_reconstruction,frozen_before_model_screening
reconstructed_validation_0053,validation,2053,synthetic_paper_like_reconstruction,frozen_before_model_screening
reconstructed_validation_0054,validation,2054,synthetic_paper_like_reconstruction,frozen_before_model_screening
reconstructed_validation_0055,validation,2055,synthetic_paper_like_reconstruction,frozen_before_model_screening
reconstructed_validation_0056,validation,2056,synthetic_paper_like_reconstruction,frozen_before_model_screening
reconstructed_validation_0057,validation,2057,synthetic_paper_like_reconstruction,frozen_before_model_screening
reconstructed_validation_0058,validation,2058,synthetic_paper_like_reconstruction,frozen_before_model_screening
reconstructed_validation_0059,validation,2059,synthetic_paper_like_reconstruction,frozen_before_model_screening
reconstructed_validation_0060,validation,2060,synthetic_paper_like_reconstruction,frozen_before_model_screening
reconstructed_validation_0061,validation,2061,synthetic_paper_like_reconstruction,frozen_before_model_screening
reconstructed_validation_0062,validation,2062,synthetic_paper_like_reconstruction,frozen_before_model_screening
reconstructed_validation_0063,validation,2063,synthetic_paper_like_reconstruction,frozen_before_model_screening
reconstructed_validation_0064,validation,2064,synthetic_paper_like_reconstruction,frozen_before_model_screening
reconstructed_validation_0065,validation,2065,synthetic_paper_like_reconstruction,frozen_before_model_screening
reconstructed_validation_0066,validation,2066,synthetic_paper_like_reconstruction,frozen_before_model_screening
reconstructed_validation_0067,validation,2067,synthetic_paper_like_reconstruction,frozen_before_model_screening
reconstructed_validation_0068,validation,2068,synthetic_paper_like_reconstruction,frozen_before_model_screening
reconstructed_validation_0069,validation,2069,synthetic_paper_like_reconstruction,frozen_before_model_screening
reconstructed_validation_0070,validation,2070,synthetic_paper_like_reconstruction,frozen_before_model_screening
reconstructed_validation_0071,validation,2071,synthetic_paper_like_reconstruction,frozen_before_model_screening
reconstructed_validation_0072,validation,2072,synthetic_paper_like_reconstruction,frozen_before_model_screening
reconstructed_validation_0073,validation,2073,synthetic_paper_like_reconstruction,frozen_before_model_screening
reconstructed_validation_0074,validation,2074,synthetic_paper_like_reconstruction,frozen_before_model_screening
reconstructed_validation_0075,validation,2075,synthetic_paper_like_reconstruction,frozen_before_model_screening
reconstructed_validation_0076,validation,2076,synthetic_paper_like_reconstruction,frozen_before_model_screening
reconstructed_validation_0077,validation,2077,synthetic_paper_like_reconstruction,frozen_before_model_screening
reconstructed_validation_0078,validation,2078,synthetic_paper_like_reconstruction,frozen_before_model_screening
reconstructed_validation_0079,validation,2079,synthetic_paper_like_reconstruction,frozen_before_model_screening
reconstructed_validation_0080,validation,2080,synthetic_paper_like_reconstruction,frozen_before_model_screening
reconstructed_validation_0081,validation,2081,synthetic_paper_like_reconstruction,frozen_before_model_screening
reconstructed_validation_0082,validation,2082,synthetic_paper_like_reconstruction,frozen_before_model_screening
reconstructed_validation_0083,validation,2083,synthetic_paper_like_reconstruction,frozen_before_model_screening
reconstructed_validation_0084,validation,2084,synthetic_paper_like_reconstruction,frozen_before_model_screening
reconstructed_validation_0085,validation,2085,synthetic_paper_like_reconstruction,frozen_before_model_screening
reconstructed_validation_0086,validation,2086,synthetic_paper_like_reconstruction,frozen_before_model_screening
reconstructed_validation_0087,validation,2087,synthetic_paper_like_reconstruction,frozen_before_model_screening
reconstructed_validation_0088,validation,2088,synthetic_paper_like_reconstruction,frozen_before_model_screening
reconstructed_validation_0089,validation,2089,synthetic_paper_like_reconstruction,frozen_before_model_screening
reconstructed_validation_0090,validation,2090,synthetic_paper_like_reconstruction,frozen_before_model_screening
reconstructed_validation_0091,validation,2091,synthetic_paper_like_reconstruction,frozen_before_model_screening
reconstructed_validation_0092,validation,2092,synthetic_paper_like_reconstruction,frozen_before_model_screening
reconstructed_validation_0093,validation,2093,synthetic_paper_like_reconstruction,frozen_before_model_screening
reconstructed_validation_0094,validation,2094,synthetic_paper_like_reconstruction,frozen_before_model_screening
reconstructed_validation_0095,validation,2095,synthetic_paper_like_reconstruction,frozen_before_model_screening
reconstructed_validation_0096,validation,2096,synthetic_paper_like_reconstruction,frozen_before_model_screening
reconstructed_validation_0097,validation,2097,synthetic_paper_like_reconstruction,frozen_before_model_screening
reconstructed_validation_0098,validation,2098,synthetic_paper_like_reconstruction,frozen_before_model_screening
reconstructed_validation_0099,validation,2099,synthetic_paper_like_reconstruction,frozen_before_model_screening
reconstructed_test_0000,test,3000,synthetic_paper_like_reconstruction,frozen_before_model_screening
reconstructed_test_0001,test,3001,synthetic_paper_like_reconstruction,frozen_before_model_screening
reconstructed_test_0002,test,3002,synthetic_paper_like_reconstruction,frozen_before_model_screening
reconstructed_test_0003,test,3003,synthetic_paper_like_reconstruction,frozen_before_model_screening
reconstructed_test_0004,test,3004,synthetic_paper_like_reconstruction,frozen_before_model_screening
reconstructed_test_0005,test,3005,synthetic_paper_like_reconstruction,frozen_before_model_screening
reconstructed_test_0006,test,3006,synthetic_paper_like_reconstruction,frozen_before_model_screening
reconstructed_test_0007,test,3007,synthetic_paper_like_reconstruction,frozen_before_model_screening
reconstructed_test_0008,test,3008,synthetic_paper_like_reconstruction,frozen_before_model_screening
reconstructed_test_0009,test,3009,synthetic_paper_like_reconstruction,frozen_before_model_screening
reconstructed_test_0010,test,3010,synthetic_paper_like_reconstruction,frozen_before_model_screening
reconstructed_test_0011,test,3011,synthetic_paper_like_reconstruction,frozen_before_model_screening
reconstructed_test_0012,test,3012,synthetic_paper_like_reconstruction,frozen_before_model_screening
reconstructed_test_0013,test,3013,synthetic_paper_like_reconstruction,frozen_before_model_screening
reconstructed_test_0014,test,3014,synthetic_paper_like_reconstruction,frozen_before_model_screening
reconstructed_test_0015,test,3015,synthetic_paper_like_reconstruction,frozen_before_model_screening
reconstructed_test_0016,test,3016,synthetic_paper_like_reconstruction,frozen_before_model_screening
reconstructed_test_0017,test,3017,synthetic_paper_like_reconstruction,frozen_before_model_screening
reconstructed_test_0018,test,3018,synthetic_paper_like_reconstruction,frozen_before_model_screening
reconstructed_test_0019,test,3019,synthetic_paper_like_reconstruction,frozen_before_model_screening
reconstructed_test_0020,test,3020,synthetic_paper_like_reconstruction,frozen_before_model_screening
reconstructed_test_0021,test,3021,synthetic_paper_like_reconstruction,frozen_before_model_screening
reconstructed_test_0022,test,3022,synthetic_paper_like_reconstruction,frozen_before_model_screening
reconstructed_test_0023,test,3023,synthetic_paper_like_reconstruction,frozen_before_model_screening
reconstructed_test_0024,test,3024,synthetic_paper_like_reconstruction,frozen_before_model_screening
reconstructed_test_0025,test,3025,synthetic_paper_like_reconstruction,frozen_before_model_screening
reconstructed_test_0026,test,3026,synthetic_paper_like_reconstruction,frozen_before_model_screening
reconstructed_test_0027,test,3027,synthetic_paper_like_reconstruction,frozen_before_model_screening
reconstructed_test_0028,test,3028,synthetic_paper_like_reconstruction,frozen_before_model_screening
reconstructed_test_0029,test,3029,synthetic_paper_like_reconstruction,frozen_before_model_screening
reconstructed_test_0030,test,3030,synthetic_paper_like_reconstruction,frozen_before_model_screening
reconstructed_test_0031,test,3031,synthetic_paper_like_reconstruction,frozen_before_model_screening
reconstructed_test_0032,test,3032,synthetic_paper_like_reconstruction,frozen_before_model_screening
reconstructed_test_0033,test,3033,synthetic_paper_like_reconstruction,frozen_before_model_screening
reconstructed_test_0034,test,3034,synthetic_paper_like_reconstruction,frozen_before_model_screening
reconstructed_test_0035,test,3035,synthetic_paper_like_reconstruction,frozen_before_model_screening
reconstructed_test_0036,test,3036,synthetic_paper_like_reconstruction,frozen_before_model_screening
reconstructed_test_0037,test,3037,synthetic_paper_like_reconstruction,frozen_before_model_screening
reconstructed_test_0038,test,3038,synthetic_paper_like_reconstruction,frozen_before_model_screening
reconstructed_test_0039,test,3039,synthetic_paper_like_reconstruction,frozen_before_model_screening
reconstructed_test_0040,test,3040,synthetic_paper_like_reconstruction,frozen_before_model_screening
reconstructed_test_0041,test,3041,synthetic_paper_like_reconstruction,frozen_before_model_screening
reconstructed_test_0042,test,3042,synthetic_paper_like_reconstruction,frozen_before_model_screening
reconstructed_test_0043,test,3043,synthetic_paper_like_reconstruction,frozen_before_model_screening
reconstructed_test_0044,test,3044,synthetic_paper_like_reconstruction,frozen_before_model_screening
reconstructed_test_0045,test,3045,synthetic_paper_like_reconstruction,frozen_before_model_screening
reconstructed_test_0046,test,3046,synthetic_paper_like_reconstruction,frozen_before_model_screening
reconstructed_test_0047,test,3047,synthetic_paper_like_reconstruction,frozen_before_model_screening
reconstructed_test_0048,test,3048,synthetic_paper_like_reconstruction,frozen_before_model_screening
reconstructed_test_0049,test,3049,synthetic_paper_like_reconstruction,frozen_before_model_screening
reconstructed_test_0050,test,3050,synthetic_paper_like_reconstruction,frozen_before_model_screening
reconstructed_test_0051,test,3051,synthetic_paper_like_reconstruction,frozen_before_model_screening
reconstructed_test_0052,test,3052,synthetic_paper_like_reconstruction,frozen_before_model_screening
reconstructed_test_0053,test,3053,synthetic_paper_like_reconstruction,frozen_before_model_screening
reconstructed_test_0054,test,3054,synthetic_paper_like_reconstruction,frozen_before_model_screening
reconstructed_test_0055,test,3055,synthetic_paper_like_reconstruction,frozen_before_model_screening
reconstructed_test_0056,test,3056,synthetic_paper_like_reconstruction,frozen_before_model_screening
reconstructed_test_0057,test,3057,synthetic_paper_like_reconstruction,frozen_before_model_screening
reconstructed_test_0058,test,3058,synthetic_paper_like_reconstruction,frozen_before_model_screening
reconstructed_test_0059,test,3059,synthetic_paper_like_reconstruction,frozen_before_model_screening
reconstructed_test_0060,test,3060,synthetic_paper_like_reconstruction,frozen_before_model_screening
reconstructed_test_0061,test,3061,synthetic_paper_like_reconstruction,frozen_before_model_screening
reconstructed_test_0062,test,3062,synthetic_paper_like_reconstruction,frozen_before_model_screening
reconstructed_test_0063,test,3063,synthetic_paper_like_reconstruction,frozen_before_model_screening
reconstructed_test_0064,test,3064,synthetic_paper_like_reconstruction,frozen_before_model_screening
reconstructed_test_0065,test,3065,synthetic_paper_like_reconstruction,frozen_before_model_screening
reconstructed_test_0066,test,3066,synthetic_paper_like_reconstruction,frozen_before_model_screening
reconstructed_test_0067,test,3067,synthetic_paper_like_reconstruction,frozen_before_model_screening
reconstructed_test_0068,test,3068,synthetic_paper_like_reconstruction,frozen_before_model_screening
reconstructed_test_0069,test,3069,synthetic_paper_like_reconstruction,frozen_before_model_screening
reconstructed_test_0070,test,3070,synthetic_paper_like_reconstruction,frozen_before_model_screening
reconstructed_test_0071,test,3071,synthetic_paper_like_reconstruction,frozen_before_model_screening
reconstructed_test_0072,test,3072,synthetic_paper_like_reconstruction,frozen_before_model_screening
reconstructed_test_0073,test,3073,synthetic_paper_like_reconstruction,frozen_before_model_screening
reconstructed_test_0074,test,3074,synthetic_paper_like_reconstruction,frozen_before_model_screening
reconstructed_test_0075,test,3075,synthetic_paper_like_reconstruction,frozen_before_model_screening
reconstructed_test_0076,test,3076,synthetic_paper_like_reconstruction,frozen_before_model_screening
reconstructed_test_0077,test,3077,synthetic_paper_like_reconstruction,frozen_before_model_screening
reconstructed_test_0078,test,3078,synthetic_paper_like_reconstruction,frozen_before_model_screening
reconstructed_test_0079,test,3079,synthetic_paper_like_reconstruction,frozen_before_model_screening
reconstructed_test_0080,test,3080,synthetic_paper_like_reconstruction,frozen_before_model_screening
reconstructed_test_0081,test,3081,synthetic_paper_like_reconstruction,frozen_before_model_screening
reconstructed_test_0082,test,3082,synthetic_paper_like_reconstruction,frozen_before_model_screening
reconstructed_test_0083,test,3083,synthetic_paper_like_reconstruction,frozen_before_model_screening
reconstructed_test_0084,test,3084,synthetic_paper_like_reconstruction,frozen_before_model_screening
reconstructed_test_0085,test,3085,synthetic_paper_like_reconstruction,frozen_before_model_screening
reconstructed_test_0086,test,3086,synthetic_paper_like_reconstruction,frozen_before_model_screening
reconstructed_test_0087,test,3087,synthetic_paper_like_reconstruction,frozen_before_model_screening
reconstructed_test_0088,test,3088,synthetic_paper_like_reconstruction,frozen_before_model_screening
reconstructed_test_0089,test,3089,synthetic_paper_like_reconstruction,frozen_before_model_screening
reconstructed_test_0090,test,3090,synthetic_paper_like_reconstruction,frozen_before_model_screening
reconstructed_test_0091,test,3091,synthetic_paper_like_reconstruction,frozen_before_model_screening
reconstructed_test_0092,test,3092,synthetic_paper_like_reconstruction,frozen_before_model_screening
reconstructed_test_0093,test,3093,synthetic_paper_like_reconstruction,frozen_before_model_screening
reconstructed_test_0094,test,3094,synthetic_paper_like_reconstruction,frozen_before_model_screening
reconstructed_test_0095,test,3095,synthetic_paper_like_reconstruction,frozen_before_model_screening
reconstructed_test_0096,test,3096,synthetic_paper_like_reconstruction,frozen_before_model_screening
reconstructed_test_0097,test,3097,synthetic_paper_like_reconstruction,frozen_before_model_screening
reconstructed_test_0098,test,3098,synthetic_paper_like_reconstruction,frozen_before_model_screening
reconstructed_test_0099,test,3099,synthetic_paper_like_reconstruction,frozen_before_model_screening
