seed,n_workloads,electricity_cost,carbon_emissions_kg,carbon_trading_cost,carbon_trading_revenue,system_cost,mean_start_delay_slots,remote_subtask_fraction,fallback_actions,capacity_violations,decision_epochs,mean_decision_latency_ms,p95_decision_latency_ms,decision_calls,slack_scale
2000,6.0,10455.417043052632,9448.910012581146,-5.1089987418854435,5.1089987418854435,10450.308044310746,9.275862068965518,0.6551724137931034,0.0,0.0,5.0,6.32161998655647,6.589199975132942,5.0,
2001,6.0,10295.223881988564,9447.609999631417,-5.2390000368583065,5.2390000368583065,10289.984881951706,13.0,0.9655172413793104,0.0,0.0,5.0,5.959159997291863,6.93355998955667,5.0,
2002,6.0,10325.408497181685,9368.312862218085,-13.168713778191524,13.168713778191524,10312.239783403493,6.724137931034483,0.6206896551724138,0.0,0.0,5.0,5.920960009098053,6.261139991693199,5.0,
2003,6.0,10248.983460469091,9522.028904553783,2.2028904553782924,0.0,10251.18635092447,7.896551724137931,0.1724137931034483,0.0,0.0,5.0,6.063919991720468,6.369519990403205,5.0,
2004,6.0,10449.113950465537,9823.506303865352,32.35063038653516,0.0,10481.464580852073,11.96551724137931,0.7241379310344828,0.0,0.0,5.0,6.527019990608096,7.637559995055199,5.0,
2005,6.0,10357.615926853454,9681.998951368725,18.19989513687251,0.0,10375.815821990327,14.586206896551724,0.5862068965517241,0.0,0.0,5.0,6.537559977732599,7.303579954896122,5.0,
2006,6.0,10351.556491486082,9705.148322451983,20.514832245198342,0.0,10372.071323731281,11.310344827586206,0.8275862068965517,0.0,0.0,5.0,6.842640007380396,7.767759996932,5.0,
2007,6.0,10180.193419964882,9278.594705984866,-22.140529401513415,22.140529401513415,10158.05289056337,12.931034482758621,0.7241379310344828,0.0,0.0,5.0,6.814180000219494,7.168539974372834,5.0,
2008,6.0,10183.677477166473,9512.428756826868,1.2428756826868268,0.0,10184.92035284916,9.241379310344827,0.7241379310344828,0.0,0.0,5.0,6.363639992196113,6.606999994255602,5.0,
2009,6.0,10223.877561726955,9463.556967286275,-3.644303271372519,3.644303271372519,10220.233258455582,10.448275862068966,0.7586206896551724,0.0,0.0,5.0,6.955080013722181,7.245380012318492,5.0,
2010,6.0,10398.053154912785,9888.062759788834,38.80627597888343,0.0,10436.859430891667,9.724137931034482,0.6551724137931034,0.0,0.0,5.0,7.128459983505309,8.26587995979935,5.0,
2011,6.0,10361.975640632681,9665.933473568703,16.593347356870254,0.0,10378.56898798955,10.0,0.8620689655172413,0.0,0.0,5.0,6.882979988586158,7.430099975317717,5.0,
2012,6.0,10171.244775319996,9355.29249650984,-14.47075034901609,14.47075034901609,10156.77402497098,8.89655172413793,0.6896551724137931,0.0,0.0,5.0,6.1925799935124815,6.9601599825546145,5.0,
2013,6.0,10652.190102154927,9863.62249083733,36.36224908373297,0.0,10688.55235123866,10.758620689655173,0.6206896551724138,0.0,0.0,5.0,7.300660014152527,8.283360011409968,5.0,
2014,6.0,10420.960800158191,10002.056151324568,50.20561513245684,0.0,10471.166415290649,11.310344827586206,0.4827586206896552,0.0,0.0,5.0,6.933700002264231,7.670100010000169,5.0,
2015,6.0,10521.61606337451,9863.898458350157,36.3898458350157,0.0,10558.005909209525,12.96551724137931,0.7241379310344828,0.0,0.0,5.0,6.900720007251948,7.354140013922006,5.0,
2016,6.0,10422.047434158496,9730.58092652128,23.058092652127925,0.0,10445.105526810625,14.10344827586207,0.7241379310344828,0.0,0.0,5.0,6.770180014427751,7.272380008362234,5.0,
2017,6.0,10401.537245218235,9802.34715931087,30.234715931086978,0.0,10431.771961149321,11.03448275862069,0.5862068965517241,0.0,0.0,5.0,7.195959985256195,8.000499964691699,5.0,
2018,6.0,10490.910848180163,9400.213295193365,-9.97867048066346,9.97867048066346,10480.9321776995,7.344827586206897,0.5862068965517241,0.0,0.0,5.0,7.034499978180975,7.309459976386279,5.0,
2019,6.0,10240.625632972664,9593.319010495918,9.331901049591762,0.0,10249.957534022256,15.482758620689655,0.8275862068965517,0.0,0.0,5.0,6.993160001002252,7.5966999982483685,5.0,
2000,7.0,10637.420747340597,9886.690005269704,38.66900052697038,0.0,10676.089747867567,10.057142857142857,0.7714285714285715,0.0,0.0,5.0,7.120560004841536,7.786480011418462,5.0,
2001,7.0,10574.708835165813,9986.52092627442,48.65209262744193,0.0,10623.360927793256,14.142857142857142,0.6571428571428571,0.0,0.0,5.0,6.8345800042152405,7.208840001840144,5.0,
2002,7.0,10675.189184985471,9689.86689559776,18.986689559775915,0.0,10694.175874545246,8.085714285714285,0.45714285714285713,0.0,0.0,5.0,6.929780007340014,7.3259200202301145,5.0,
2003,7.0,10569.892403277798,10007.606998231342,50.7606998231342,0.0,10620.653103100933,10.942857142857143,0.9142857142857143,0.0,0.0,5.0,6.753260002005845,6.884720001835376,5.0,
2004,7.0,10753.774293647188,10240.654414763296,74.06544147632958,0.0,10827.839735123518,11.742857142857142,0.6285714285714286,0.0,0.0,5.0,7.156099996063858,7.931960001587868,5.0,
2005,7.0,10570.748352860708,10044.64024191125,54.46402419112492,0.0,10625.212377051834,11.914285714285715,0.5428571428571428,0.0,0.0,5.0,7.934219983872026,10.069279954768717,5.0,
2006,7.0,10755.867298508956,10397.874447918955,89.78744479189555,0.0,10845.65474330085,13.17142857142857,0.42857142857142855,0.0,0.0,5.0,15.30461999354884,24.14494000840932,5.0,
2007,7.0,10418.767169478038,9728.504977756516,22.85049777565164,0.0,10441.61766725369,8.857142857142858,0.5142857142857142,0.0,0.0,5.0,11.305359995458275,18.68052000645548,5.0,
2008,7.0,10446.351490438226,9842.864952664395,34.28649526643949,0.0,10480.637985704667,9.085714285714285,0.7142857142857143,0.0,0.0,5.0,7.401059998665005,10.235700011253357,5.0,
2009,7.0,10367.199678911058,9653.12479234078,15.31247923407791,0.0,10382.512158145137,8.114285714285714,0.8571428571428571,0.0,0.0,5.0,7.356439996510744,7.706579985097051,5.0,
2010,7.0,10478.065396018683,9972.890443385191,47.289044338519126,0.0,10525.354440357201,8.714285714285714,0.6571428571428571,0.0,0.0,5.0,8.902920014224946,13.227520033251492,5.0,
2011,7.0,10530.266958370144,9901.732392816892,40.17323928168917,0.0,10570.440197651833,10.342857142857143,0.6571428571428571,0.0,0.0,5.0,7.7097399975173175,10.405900003388524,5.0,
2012,7.0,10341.29790768354,9606.539299630113,10.653929963011251,0.0,10351.951837646551,10.257142857142858,0.5714285714285714,0.0,0.0,5.0,6.958420004229993,7.553140015807003,5.0,
2013,7.0,10606.77478829919,9969.64306502216,46.96430650221592,0.0,10653.739094801405,12.542857142857143,0.8,0.0,0.0,5.0,6.372099986765534,6.680279958527535,5.0,
2014,7.0,10849.877769666975,10591.086120276166,109.10861202761663,0.0,10958.98638169459,13.057142857142857,0.6,0.0,0.0,5.0,6.674219993874431,7.0134799694642425,5.0,
2015,7.0,10705.937392198135,10081.58262298642,58.15826229864197,0.0,10764.095654496778,10.085714285714285,0.7142857142857143,0.0,0.0,5.0,6.687499990221113,6.830219982657582,5.0,
2016,7.0,10803.606248125208,9927.415301675428,42.741530167542805,0.0,10846.347778292751,11.114285714285714,0.6285714285714286,0.0,0.0,5.0,6.80154002038762,8.105000003706664,5.0,
2017,7.0,10601.218707706112,10003.157694113968,50.315769411396836,0.0,10651.534477117508,11.342857142857143,0.6571428571428571,0.0,0.0,5.0,6.8835000158287585,7.700120017398149,5.0,
2018,7.0,10817.506333042496,10119.09659045182,61.90965904518198,0.0,10879.41599208768,10.857142857142858,0.6857142857142857,0.0,0.0,5.0,6.843840016517788,7.210540026426315,5.0,
2019,7.0,10467.15437361386,9952.157873627963,45.215787362796256,0.0,10512.370160976656,15.257142857142858,0.8,0.0,0.0,5.0,6.7899200017564,7.143580005504191,5.0,
2000,8.0,10807.708529979278,10195.864461291427,69.58644612914269,0.0,10877.29497610842,9.375,0.65,0.0,0.0,5.0,6.814700015820563,7.1140400134027,5.0,
2001,8.0,10887.356180024155,10434.452031585286,93.44520315852861,0.0,10980.801383182683,10.75,0.8,0.0,0.0,5.0,6.8520199856720865,7.354619994293898,5.0,
2002,8.0,10599.211035789202,9846.003825377356,34.60038253773564,0.0,10633.811418326937,8.3,0.75,0.0,0.0,5.0,6.874679995235056,7.2121199569664896,5.0,
2003,8.0,10934.821898322783,10420.587768390105,92.05877683901053,0.0,11026.880675161794,9.7,0.875,0.0,0.0,5.0,7.520159985870123,8.407900005113333,5.0,
2004,8.0,10824.705200512399,10415.745672658824,91.57456726588244,0.0,10916.279767778282,11.775,0.575,0.0,0.0,5.0,6.774900003802031,7.092460000421852,5.0,
2005,8.0,10614.012067720832,10113.568218471524,61.356821847152425,0.0,10675.368889567984,12.75,0.525,0.0,0.0,5.0,6.731959991157055,7.098020019475371,5.0,
2006,8.0,10984.678742654984,10724.297082473066,122.42970824730656,0.0,11107.10845090229,12.425,0.575,0.0,0.0,5.0,6.995140016078949,7.650419999845326,5.0,
2007,8.0,10671.005439966637,10130.268169225179,63.0268169225179,0.0,10734.032256889155,10.275,0.6,0.0,0.0,5.0,6.657079991418868,6.788440013770014,5.0,
2008,8.0,10625.13019981412,10269.976778869772,76.99767788697719,0.0,10702.127877701098,8.8,0.425,0.0,0.0,5.0,6.718300003558397,6.913940014783293,5.0,
2009,8.0,10364.716152788871,9637.988980920903,13.798898092090349,0.0,10378.515050880962,10.35,0.725,0.0,0.0,5.0,6.817780004348606,7.0541199878789485,5.0,
2010,8.0,10805.523329424897,10240.788492620286,74.0788492620286,0.0,10879.602178686926,8.75,0.3,0.0,0.0,5.0,6.473959994036704,6.924879981670529,5.0,
2011,8.0,10806.871499923107,10356.286956083419,85.62869560834189,0.0,10892.50019553145,9.8,0.8,0.0,0.0,5.0,6.926739995833486,7.502119988203049,5.0,
2012,8.0,10671.987571400883,10268.501585000373,76.8501585000373,0.0,10748.83772990092,13.175,0.925,0.0,0.0,5.0,6.699039996601641,6.894799985457212,5.0,
2013,8.0,10815.141530382574,10351.772257892826,85.1772257892826,0.0,10900.318756171857,12.5,0.8,0.0,0.0,5.0,7.0209399913437665,7.426040002610534,5.0,
2014,8.0,11045.70643781137,10954.383424404981,145.43834244049813,0.0,11191.144780251869,14.6,0.85,0.0,0.0,5.0,6.73426000867039,7.111500028986484,5.0,
2015,8.0,10885.978614861431,10289.398609004063,78.93986090040636,0.0,10964.918475761837,11.35,0.825,0.0,0.0,5.0,7.03442000085488,7.797179988119751,5.0,
2016,8.0,10904.55302235361,10479.496642282062,97.94966422820617,0.0,11002.502686581816,14.375,0.5,0.0,0.0,5.0,8.134739997331053,10.309880005661398,5.0,
2017,8.0,10588.406148833448,10161.972253670523,66.19722536705231,0.0,10654.6033742005,12.8,0.65,0.0,0.0,5.0,6.936119997408241,7.820499979425222,5.0,
2018,8.0,10823.273143627008,10042.258847815243,54.22588478152429,0.0,10877.499028408532,11.325,0.925,0.0,0.0,5.0,10.896699992008507,17.852059984579682,5.0,
2019,8.0,10788.813269740034,10490.052203472405,99.00522034724054,0.0,10887.818490087275,14.625,0.6,0.0,0.0,6.0,7.110783335519955,8.33035001414828,6.0,
2000,9.0,10914.924208799222,10414.95494440048,91.49549444004806,0.0,11006.419703239271,11.066666666666666,0.6888888888888889,0.0,0.0,5.0,7.042580004781485,8.041200006846339,5.0,
2001,9.0,11113.313616931235,10858.430113787894,135.84301137878938,0.0,11249.156628310024,13.688888888888888,0.7555555555555555,0.0,0.0,5.0,9.171579987742007,15.984099986962972,5.0,
2002,9.0,10672.453783446352,10090.677323047534,59.06773230475338,0.0,10731.521515751105,9.666666666666666,0.6,0.0,0.0,5.0,18.269119993783534,27.04989998601377,5.0,
2003,9.0,10995.778338305747,10635.903048941378,113.59030489413782,0.0,11109.368643199885,14.022222222222222,0.6666666666666666,0.0,0.0,5.0,15.765780000947416,26.460760016925633,5.0,
2004,9.0,10810.884831555175,10554.126677689197,105.41266776891972,0.0,10916.297499324095,11.88888888888889,0.5111111111111111,0.0,0.0,5.0,16.84160000877455,29.303760023321956,5.0,
2005,9.0,10830.6272286423,10441.280070580033,94.12800705800328,0.0,10924.755235700304,11.644444444444444,0.5111111111111111,0.0,0.0,5.0,14.897120010573417,26.946060033515096,5.0,
2006,9.0,10875.121634236864,10681.329707171264,118.13297071712641,0.0,10993.25460495399,13.2,0.8666666666666667,0.0,0.0,5.0,11.670820007566363,20.363920007366684,5.0,
2007,9.0,10918.364882897473,10476.455488862981,97.6455488862981,0.0,11016.01043178377,10.422222222222222,0.6222222222222222,0.0,0.0,5.0,19.581039994955063,29.680720018222928,5.0,
2008,9.0,10831.33092988691,10458.090542892505,95.80905428925053,0.0,10927.13998417616,7.377777777777778,0.8,0.0,0.0,5.0,15.819879982154816,26.541779993567612,5.0,
2009,9.0,10629.5470630608,10112.70517184518,61.270517184518035,0.0,10690.817580245317,10.8,0.4,0.0,0.0,5.0,15.586200007237494,26.684639998711642,5.0,
2010,9.0,10994.640565098865,10668.313681145977,116.83136811459772,0.0,11111.471933213463,10.4,0.4222222222222222,0.0,0.0,5.0,15.729720005765557,28.497040004003793,5.0,
2011,9.0,11010.947699087232,10749.862377003974,124.9862377003974,0.0,11135.93393678763,12.2,0.6222222222222222,0.0,0.0,5.0,13.98690000642091,18.594759982079268,5.0,
2012,9.0,10796.375257514585,10606.048514640112,110.60485146401116,0.0,10906.980108978596,13.466666666666667,0.7111111111111111,0.0,0.0,5.0,15.878160006832331,25.197820004541427,5.0,
2013,9.0,11154.797061325538,10725.828653822842,122.58286538228423,0.0,11277.379926707823,13.177777777777777,0.8444444444444444,0.0,0.0,5.0,18.240879999939352,28.16431998508051,5.0,
2014,9.0,11002.110744920727,10835.369830055484,133.53698300554842,0.0,11135.647727926274,13.777777777777779,0.7111111111111111,0.0,0.0,6.0,21.649999999984477,29.230250002001412,6.0,
2015,9.0,11101.596830481092,10844.946552862108,134.49465528621076,0.0,11236.091485767303,13.488888888888889,0.5333333333333333,0.0,0.0,5.0,15.720560005865991,23.808819986879826,5.0,
2016,9.0,11000.964069267622,10768.087236303843,126.80872363038435,0.0,11127.772792898006,16.044444444444444,0.7333333333333333,0.0,0.0,5.0,15.742920013144612,26.005100016482174,5.0,
2017,9.0,10911.896806257484,10646.444971386514,114.64449713865143,0.0,11026.541303396136,11.555555555555555,0.6444444444444445,0.0,0.0,5.0,15.329520020168275,24.425580038223416,5.0,
2018,9.0,10964.844708643202,10330.365343529415,83.03653435294146,0.0,11047.881242996144,10.488888888888889,0.9333333333333333,0.0,0.0,5.0,17.605099990032613,29.10477997502312,5.0,
2019,9.0,10905.963262886313,10737.964578647987,123.7964578647987,0.0,11029.759720751112,12.733333333333333,0.7333333333333333,0.0,0.0,5.0,15.059860004112124,22.953960031736642,5.0,
2000,10.0,11046.51135839281,10651.30454594845,115.13045459484493,0.0,11161.641812987655,10.6,0.72,0.0,0.0,5.0,18.890459986869246,28.105440002400428,5.0,
2001,10.0,11052.842520247263,10898.57868216263,139.85786821626297,0.0,11192.700388463525,15.1,0.58,0.0,0.0,5.0,15.672940004151314,26.701419998425987,5.0,
2002,10.0,11240.004882149344,10798.923677318307,129.89236773183075,0.0,11369.897249881175,8.1,0.64,0.0,0.0,5.0,15.108259988483042,22.059440019074827,5.0,
2003,10.0,11364.574773062828,11074.00089265328,157.40008926532792,0.0,11521.974862328156,11.54,0.46,0.0,0.0,5.0,17.75929998839274,29.577760014217347,5.0,
2004,10.0,11007.495249142754,10726.946354918458,122.69463549184584,0.0,11130.1898846346,12.38,0.74,0.0,0.0,7.0,16.654785714178747,30.168630025582384,7.0,
2005,10.0,11074.745257830653,10644.178830841294,114.41788308412943,0.0,11189.163140914783,10.04,0.54,0.0,0.0,5.0,18.981120001990348,29.873579996638,5.0,
2006,10.0,11112.86886993053,11060.651466454754,156.0651466454754,0.0,11268.934016576004,14.88,0.82,0.0,0.0,5.0,13.748619984835386,25.56301997974515,5.0,
2007,10.0,10957.445535723044,10642.886748369001,114.2886748369001,0.0,11071.734210559944,12.44,0.66,0.0,0.0,5.0,16.01652002427727,23.301660013385117,5.0,
2008,10.0,11018.281489851803,10798.224335957004,129.8224335957004,0.0,11148.103923447503,9.84,0.78,0.0,0.0,5.0,13.551199994981289,24.337879999075085,5.0,
2009,10.0,11032.82050598309,10759.398006083007,125.93980060830073,0.0,11158.760306591392,10.28,0.36,0.0,0.0,5.0,13.737919996492565,25.079019973054525,5.0,
2010,10.0,11257.372243448397,10966.631449877608,146.66314498776083,0.0,11404.035388436158,9.68,0.74,0.0,0.0,5.0,13.999440020415932,26.41076000872999,5.0,
2011,10.0,10965.988154046101,10641.758869214718,114.17588692147183,0.0,11080.164040967573,12.48,0.6,0.0,0.0,5.0,17.75197999086231,28.999459964688867,5.0,
2012,10.0,11150.576137033453,10988.981137597973,148.89811375979735,0.0,11299.47425079325,10.88,0.72,0.0,0.0,5.0,17.647219996433705,28.77005998743698,5.0,
2013,10.0,11433.932243004798,11084.237662824878,158.42376628248786,0.0,11592.356009287285,12.34,0.7,0.0,0.0,5.0,15.293400012888014,26.357060007285327,5.0,
2014,10.0,11178.684922278338,11050.624153714347,155.0624153714347,0.0,11333.747337649773,15.28,0.74,0.0,0.0,7.0,18.69310000412432,29.716220020782202,7.0,
2015,10.0,11346.296869272473,11103.352775385429,160.33527753854287,0.0,11506.632146811016,11.74,0.62,0.0,0.0,5.0,17.4515999853611,29.884959966875613,5.0,
2016,10.0,11202.729458189498,10994.659642386105,149.46596423861047,0.0,11352.195422428109,12.16,0.46,0.0,0.0,5.0,12.204300006851554,18.387580011039972,5.0,
2017,10.0,11027.940947878866,10801.149965031995,130.11499650319948,0.0,11158.055944382066,11.34,0.64,0.0,0.0,5.0,15.689919982105494,27.02099997550249,5.0,
2018,10.0,11357.394985932195,10573.149789726243,107.31497897262435,0.0,11464.70996490482,11.04,0.58,0.0,0.0,5.0,14.57855999469757,23.680380021687597,5.0,
2019,10.0,11196.395342252918,10941.71010290019,144.17101029001898,0.0,11340.566352542937,14.0,0.8,0.0,0.0,5.0,17.57111999904737,28.087759984191507,5.0,
2000,,11186.221018050921,10630.763704286877,113.07637042868774,0.0,11299.297388479608,8.1,0.68,0.0,0.0,5.0,15.862079977523535,24.638139980379492,5.0,0.5
2001,,11289.575964427082,11002.592660484232,150.25926604842317,0.0,11439.835230475504,8.56,0.54,0.0,0.0,5.0,17.735580005683005,28.420239978004247,5.0,0.5
2002,,11334.597494760772,10866.955833345832,136.69558333458318,0.0,11471.293078095356,5.94,0.6,0.0,0.0,5.0,15.408000000752509,26.78354001836851,5.0,0.5
2003,,11522.647759880761,11155.21608903011,165.52160890301093,0.0,11688.169368783772,7.24,0.5,0.0,0.0,5.0,16.32979998830706,27.477819961495697,5.0,0.5
2004,,11039.558825657812,10829.33803013411,132.93380301341094,0.0,11172.492628671223,7.62,0.68,0.0,0.0,5.0,13.99901999393478,26.48386000655591,5.0,0.5
2005,,11141.326889119453,10753.449253986584,125.34492539865842,0.0,11266.671814518111,6.6,0.54,0.0,0.0,5.0,15.324179991148412,25.82647999515757,5.0,0.5
2006,,11316.225094578982,11105.174119137759,160.51741191377587,0.0,11476.742506492757,8.58,0.74,0.0,0.0,5.0,15.571260021533817,27.404000039678067,5.0,0.5
2007,,11123.528878790214,10616.968485530442,111.69684855304422,0.0,11235.225727343259,8.18,0.7,0.0,0.0,5.0,12.637279997579753,17.6681199693121,5.0,0.5
2008,,11071.663497187423,10820.26750687237,132.02675068723693,0.0,11203.69024787466,6.98,0.72,0.0,0.0,5.0,16.8092800071463,31.15165998460725,5.0,0.5
2009,,11201.38976826589,10673.536589300169,117.3536589300169,0.0,11318.743427195906,6.58,0.38,0.0,0.0,5.0,15.125999972224236,26.379639969673004,5.0,0.5
2010,,11368.203514913417,10954.412086677883,145.44120866778832,0.0,11513.644723581205,7.02,0.78,0.0,0.0,5.0,17.134959995746613,24.83120000688359,5.0,0.5
2011,,11044.488997933193,10641.368008641395,114.13680086413952,0.0,11158.625798797333,8.04,0.52,0.0,0.0,5.0,14.388339989818633,24.150360003113743,5.0,0.5
2012,,11322.57551495856,10982.949518116857,148.29495181168568,0.0,11470.870466770246,7.4,0.72,0.0,0.0,5.0,18.929519993253052,28.789419983513653,5.0,0.5
2013,,11665.466474236568,11190.954142989653,169.09541429896527,0.0,11834.561888535532,8.44,0.74,0.0,0.0,5.0,16.787339991424233,28.13999999780208,5.0,0.5
2014,,11185.587321704856,11220.275547549594,172.02755475495943,0.0,11357.614876459815,9.88,0.72,0.0,0.0,5.0,14.734839997254312,27.025039982981976,5.0,0.5
2015,,11518.916945434532,11146.718562144371,164.67185621443716,0.0,11683.58880164897,7.48,0.6,0.0,0.0,5.0,14.48177999118343,25.47424001386389,5.0,0.5
2016,,11379.330071268283,10905.333134615812,140.5333134615812,0.0,11519.863384729864,7.66,0.5,0.0,0.0,5.0,16.55541998334229,27.18861998291686,5.0,0.5
2017,,11212.531259967325,11029.330866088769,152.9330866088769,0.0,11365.464346576202,7.5,0.64,0.0,0.0,5.0,16.587320005055517,27.992560004349798,5.0,0.5
2018,,11599.739428928347,10408.47158614315,90.84715861431505,0.0,11690.586587542663,6.76,0.72,0.0,0.0,5.0,14.28476000437513,26.497300027403977,5.0,0.5
2019,,11428.484851846857,10875.240977324433,137.52409773244327,0.0,11566.0089495793,7.66,0.8,0.0,0.0,5.0,15.103180008009076,26.3986200094223,5.0,0.5
2000,,11068.425422576081,10661.871871300416,116.18718713004165,0.0,11184.612609706122,9.8,0.74,0.0,0.0,5.0,14.241160033270717,24.404540006071326,5.0,0.75
2001,,11135.673269576175,10991.888581238942,149.18885812389416,0.0,11284.86212770007,11.56,0.54,0.0,0.0,5.0,15.637880004942417,29.7958200215362,5.0,0.75
2002,,11294.463689744714,10879.028365698465,137.90283656984647,0.0,11432.366526314561,6.68,0.62,0.0,0.0,5.0,18.235700007062405,27.530999993905425,5.0,0.75
2003,,11423.538037665021,11145.786266620013,164.57862666200128,0.0,11588.116664327023,9.74,0.5,0.0,0.0,5.0,13.76449998933822,21.604659990407526,5.0,0.75
2004,,11008.824073141586,10839.945780024995,133.99457800249948,0.0,11142.818651144085,9.52,0.72,0.0,0.0,5.0,15.846840012818575,29.141320008784533,5.0,0.75
2005,,11128.427116180832,10702.565768773595,120.25657687735948,0.0,11248.683693058192,8.2,0.56,0.0,0.0,5.0,17.34755999641493,26.793059974443167,5.0,0.75
2006,,11221.024119948164,10934.829325749686,143.48293257496863,0.0,11364.507052523133,11.16,0.74,0.0,0.0,5.0,14.706340001430362,26.350319990888234,5.0,0.75
2007,,11035.354522990308,10641.80025773366,114.18002577336593,0.0,11149.534548763675,10.24,0.66,0.0,0.0,5.0,16.902699996717274,28.05279999738559,5.0,0.75
2008,,11049.634706339431,10782.578727251823,128.2578727251823,0.0,11177.892579064614,7.66,0.72,0.0,0.0,5.0,15.471499995328486,28.068460011854768,5.0,0.75
2009,,11121.279774541063,10754.833655694749,125.48336556947488,0.0,11246.763140110537,8.64,0.34,0.0,0.0,5.0,16.07277999864891,27.48987997183576,5.0,0.75
2010,,11319.108456870264,10962.565631368187,146.25656313681867,0.0,11465.365020007082,8.04,0.78,0.0,0.0,5.0,15.91190000763163,27.387519995681938,5.0,0.75
2011,,10986.833362651962,10590.000362374141,109.00003623741414,0.0,11095.833398889376,10.68,0.56,0.0,0.0,5.0,15.4724600026384,26.551240007393062,5.0,0.75
2012,,11231.79189653584,10945.931990003755,144.59319900037553,0.0,11376.385095536216,9.24,0.7,0.0,0.0,5.0,18.64230000646785,28.81939996732399,5.0,0.75
2013,,11543.615784779206,11059.088284448739,155.90882844487388,0.0,11699.524613224079,10.04,0.74,0.0,0.0,5.0,16.327839985024184,20.805299968924373,5.0,0.75
2014,,11089.984369142996,11182.60655338406,168.26065533840594,0.0,11258.245024481403,12.5,0.74,0.0,0.0,5.0,15.050399990286678,27.986019966192544,5.0,0.75
2015,,11432.251396717704,11090.766291399841,159.0766291399841,0.0,11591.328025857689,9.04,0.58,0.0,0.0,5.0,14.972059999126941,26.240819995291528,5.0,0.75
2016,,11274.903266193822,11058.840970190085,155.88409701900855,0.0,11430.78736321283,10.1,0.48,0.0,0.0,5.0,14.00564000941813,28.142899973317977,5.0,0.75
2017,,11094.736756729631,10908.206852113122,140.82068521131222,0.0,11235.557441940944,9.26,0.64,0.0,0.0,5.0,15.650180005468428,25.486779992934316,5.0,0.75
2018,,11505.534437852984,10539.347620767512,103.93476207675121,0.0,11609.469199929736,8.04,0.66,0.0,0.0,5.0,14.550879993475974,21.87333998735994,5.0,0.75
2019,,11338.717672349832,10878.443009285093,137.84430092850926,0.0,11476.561973278342,9.94,0.84,0.0,0.0,5.0,15.785079984925687,27.508579986169934,5.0,0.75
2000,,11046.51135839281,10651.30454594845,115.13045459484493,0.0,11161.641812987655,10.6,0.72,0.0,0.0,5.0,16.82597998296842,28.90455997548997,5.0,1.0
2001,,11052.842520247263,10898.57868216263,139.85786821626297,0.0,11192.700388463525,15.1,0.58,0.0,0.0,5.0,16.729319980368018,26.497060002293438,5.0,1.0
2002,,11240.004882149344,10798.923677318307,129.89236773183075,0.0,11369.897249881175,8.1,0.64,0.0,0.0,5.0,14.038999995682389,20.073700009379536,5.0,1.0
2003,,11364.574773062828,11074.00089265328,157.40008926532792,0.0,11521.974862328156,11.54,0.46,0.0,0.0,5.0,16.808840003795922,24.813780013937503,5.0,1.0
2004,,11007.495249142754,10726.946354918458,122.69463549184584,0.0,11130.1898846346,12.38,0.74,0.0,0.0,7.0,17.919071434464836,29.885960003593937,7.0,1.0
2005,,11074.745257830653,10644.178830841294,114.41788308412943,0.0,11189.163140914783,10.04,0.54,0.0,0.0,5.0,14.772960008122027,22.100780019536614,5.0,1.0
2006,,11112.86886993053,11060.651466454754,156.0651466454754,0.0,11268.934016576004,14.88,0.82,0.0,0.0,5.0,15.22995998384431,23.417379974853247,5.0,1.0
2007,,10957.445535723044,10642.886748369001,114.2886748369001,0.0,11071.734210559944,12.44,0.66,0.0,0.0,5.0,18.115239997860044,28.309180005453527,5.0,1.0
2008,,11018.281489851803,10798.224335957004,129.8224335957004,0.0,11148.103923447503,9.84,0.78,0.0,0.0,5.0,18.623440014198422,29.239140020217746,5.0,1.0
2009,,11032.82050598309,10759.398006083007,125.93980060830073,0.0,11158.760306591392,10.28,0.36,0.0,0.0,5.0,13.750940002501011,25.239799998234954,5.0,1.0
2010,,11257.372243448397,10966.631449877608,146.66314498776083,0.0,11404.035388436158,9.68,0.74,0.0,0.0,5.0,14.529660006519407,21.551880007609725,5.0,1.0
2011,,10965.988154046101,10641.758869214718,114.17588692147183,0.0,11080.164040967573,12.48,0.6,0.0,0.0,5.0,18.163700005970895,27.48445998877287,5.0,1.0
2012,,11150.576137033453,10988.981137597973,148.89811375979735,0.0,11299.47425079325,10.88,0.72,0.0,0.0,5.0,14.813240012153983,23.11226000310853,5.0,1.0
2013,,11433.932243004798,11084.237662824878,158.42376628248786,0.0,11592.356009287285,12.34,0.7,0.0,0.0,5.0,14.512000000104308,23.57821996556595,5.0,1.0
2014,,11178.684922278338,11050.624153714347,155.0624153714347,0.0,11333.747337649773,15.28,0.74,0.0,0.0,7.0,17.578728571866773,29.422629991313443,7.0,1.0
2015,,11346.296869272473,11103.352775385429,160.33527753854287,0.0,11506.632146811016,11.74,0.62,0.0,0.0,5.0,16.882900008931756,26.80389997549355,5.0,1.0
2016,,11202.729458189498,10994.659642386105,149.46596423861047,0.0,11352.195422428109,12.16,0.46,0.0,0.0,5.0,15.87324000429362,27.69562001340091,5.0,1.0
2017,,11027.940947878866,10801.149965031995,130.11499650319948,0.0,11158.055944382066,11.34,0.64,0.0,0.0,5.0,14.085239998530596,25.55751997279003,5.0,1.0
2018,,11357.394985932195,10573.149789726243,107.31497897262435,0.0,11464.70996490482,11.04,0.58,0.0,0.0,5.0,18.716199998743832,28.827280004043132,5.0,1.0
2019,,11196.395342252918,10941.71010290019,144.17101029001898,0.0,11340.566352542937,14.0,0.8,0.0,0.0,5.0,16.397860017605126,27.35186000354588,5.0,1.0
2000,,11054.264174495313,10706.670172557671,120.66701725576713,0.0,11174.93119175108,12.24,0.72,0.0,0.0,6.0,18.430833326419815,29.878400033339858,6.0,1.5
2001,,10969.989805856592,10876.320177318295,137.63201773182956,0.0,11107.621823588423,19.42,0.6,0.0,0.0,6.0,15.899499985001361,27.075725040049292,6.0,1.5
2002,,11141.318362972299,10764.180089661622,126.41800896616223,0.0,11267.736371938461,10.72,0.66,0.0,0.0,5.0,15.874660003464669,30.65356002189219,5.0,1.5
2003,,11227.426248581642,10974.596894921897,147.45968949218968,0.0,11374.885938073832,16.96,0.36,0.0,0.0,5.0,8.155640005134046,10.76009999960661,5.0,1.5
2004,,10985.251718700394,10686.336430776064,118.6336430776064,0.0,11103.885361778,16.76,0.8,0.0,0.0,7.0,6.669385716252561,6.953710020752624,7.0,1.5
2005,,11010.336928889416,10631.13916039573,113.1139160395731,0.0,11123.450844928988,12.34,0.52,0.0,0.0,5.0,6.699179986026138,7.0394800044596195,5.0,1.5
2006,,11046.382336438426,10831.103816442059,133.1103816442059,0.0,11179.492718082633,20.36,0.82,0.0,0.0,6.0,6.501649991453935,6.764549951185472,6.0,1.5
2007,,10879.87573231203,10587.344150383957,108.73441503839568,0.0,10988.610147350426,16.54,0.64,0.0,0.0,5.0,6.609159999061376,6.941060000099242,5.0,1.5
2008,,10991.71707462168,10763.429494713608,126.34294947136078,0.0,11118.06002409304,10.86,0.76,0.0,0.0,5.0,6.702279997989535,6.933099986054003,5.0,1.5
2009,,10977.577573951827,10669.232996328032,116.92329963280318,0.0,11094.50087358463,12.84,0.4,0.0,0.0,5.0,6.883860006928444,7.251540012657642,5.0,1.5
2010,,11125.344357152204,11070.209859739723,157.02098597397236,0.0,11282.365343126176,14.4,0.7,0.0,0.0,5.0,6.544140004552901,7.433159998618066,5.0,1.5
2011,,10893.94017664012,10535.110728979813,103.5110728979813,0.0,10997.451249538102,15.66,0.62,0.0,0.0,7.0,6.8690142777216225,8.249010011786593,7.0,1.5
2012,,10998.411868331532,11002.37049124566,150.23704912456597,0.0,11148.648917456097,16.86,0.76,0.0,0.0,5.0,5.9843999915756285,6.441900006029755,5.0,1.5
2013,,11246.714045033044,11142.508486075469,164.25084860754689,0.0,11410.964893640592,19.48,0.58,0.0,0.0,5.0,7.05070000840351,8.231339987833053,5.0,1.5
2014,,11103.797518426825,10955.686228587248,145.56862285872486,0.0,11249.36614128555,17.88,0.74,0.0,0.0,9.0,6.291288901896526,7.363020000047982,9.0,1.5
2015,,11212.382795225043,11021.588867219925,152.15888672199253,0.0,11364.541681947036,18.54,0.66,0.0,0.0,5.0,8.093679987359792,8.820159977767617,5.0,1.5
2016,,11247.963125915727,10911.39847552251,141.139847552251,0.0,11389.102973467978,15.62,0.46,0.0,0.0,5.0,7.254660001490265,7.834360015112907,5.0,1.5
2017,,10977.185496484059,10720.114774132751,122.01147741327514,0.0,11099.196973897333,13.3,0.6,0.0,0.0,5.0,7.856159994844347,9.947879996616393,5.0,1.5
2018,,11121.943699475036,10714.392069606543,121.43920696065435,0.0,11243.38290643569,14.92,0.58,0.0,0.0,5.0,7.18189999461174,7.556680007837713,5.0,1.5
2019,,11041.439447269084,10889.16216419419,138.91621641941893,0.0,11180.355663688502,18.72,0.7,0.0,0.0,5.0,6.607019994407892,6.831999984569848,5.0,1.5
