seed,condition,electricity_cost,carbon_emissions_kg,carbon_trading_cost,carbon_trading_revenue,system_cost,mean_start_delay_slots,remote_subtask_fraction,fallback_actions,capacity_violations,decision_epochs,mean_decision_latency_ms,p95_decision_latency_ms,decision_calls
2000,clean,11046.51135839281,10651.30454594845,115.13045459484493,0.0,11161.641812987655,10.6,0.72,0.0,0.0,5.0,438.68865999393165,1732.1144200046542,5.0
2000,price_noise_low,11026.443876810208,10637.465332208318,113.74653322083178,0.0,11140.19041003104,13.02,0.72,0.0,0.0,5.0,7.263159996364266,7.810259994585067,5.0
2000,price_noise_high,11062.578980576482,10747.029560562241,124.70295605622414,0.0,11187.281936632706,14.94,0.66,0.0,0.0,5.0,6.481819995678961,7.019379979465157,5.0
2000,cef_noise_high,11079.410995934812,10519.556545501053,101.9556545501053,0.0,11181.366650484917,12.28,0.72,0.0,0.0,5.0,7.204080012161285,8.172540017403662,5.0
2000,bandwidth_dropout_20pct,11046.51135839281,10651.30454594845,115.13045459484493,0.0,11161.641812987655,10.6,0.72,0.0,0.0,5.0,6.301659997552633,7.037560013122857,5.0
2000,bandwidth_dropout_50pct,11046.51135839281,10651.30454594845,115.13045459484493,0.0,11161.641812987655,10.6,0.72,0.0,0.0,5.0,6.978680018801242,9.168800013139844,5.0
2001,clean,11052.842520247263,10898.57868216263,139.85786821626297,0.0,11192.700388463525,15.1,0.58,0.0,0.0,5.0,6.492560007609427,7.203580008354038,5.0
2001,price_noise_low,11058.615914879843,10946.915063535158,144.6915063535158,0.0,11203.30742123336,15.4,0.64,0.0,0.0,6.0,6.263050008177136,7.183125009760261,6.0
2001,price_noise_high,10848.701421474303,11086.329216635277,158.63292166352767,0.0,11007.33434313783,15.3,0.62,0.0,0.0,6.0,6.412899985055749,6.8377499701455235,6.0
2001,cef_noise_high,11147.218152521727,10708.323996945343,120.83239969453426,0.0,11268.050552216262,15.5,0.6,0.0,0.0,6.0,6.377883333091934,7.260650003445335,6.0
2001,bandwidth_dropout_20pct,11052.842520247263,10898.57868216263,139.85786821626297,0.0,11192.700388463525,15.1,0.58,0.0,0.0,5.0,6.481440016068518,6.989919999614358,5.0
2001,bandwidth_dropout_50pct,11052.842520247263,10898.57868216263,139.85786821626297,0.0,11192.700388463525,15.1,0.58,0.0,0.0,5.0,6.796939997002482,7.661879970692098,5.0
2002,clean,11240.004882149344,10798.923677318307,129.89236773183075,0.0,11369.897249881175,8.1,0.64,0.0,0.0,5.0,6.2799999956041574,6.780339975375682,5.0
2002,price_noise_low,11262.550679782224,10805.491887006248,130.54918870062485,0.0,11393.099868482848,8.3,0.64,0.0,0.0,5.0,7.735899998806417,10.00867998227477,5.0
2002,price_noise_high,11358.148829998405,10788.106749351853,128.81067493518532,0.0,11486.95950493359,10.56,0.72,0.0,0.0,6.0,6.6288999902705354,7.316774979699403,6.0
2002,cef_noise_high,11256.676207160628,10652.52549871835,115.25254987183507,0.0,11371.928757032463,7.52,0.62,0.0,0.0,5.0,7.675320003181696,10.347740014549345,5.0
2002,bandwidth_dropout_20pct,11240.004882149344,10798.923677318307,129.89236773183075,0.0,11369.897249881175,8.1,0.64,0.0,0.0,5.0,9.42219999851659,13.621859985869378,5.0
2002,bandwidth_dropout_50pct,11240.004882149344,10798.923677318307,129.89236773183075,0.0,11369.897249881175,8.1,0.64,0.0,0.0,5.0,6.19966002414003,6.813900009728968,5.0
2003,clean,11364.574773062828,11074.00089265328,157.40008926532792,0.0,11521.974862328156,11.54,0.46,0.0,0.0,5.0,6.465900002513081,6.990180024877191,5.0
2003,price_noise_low,11456.757246780875,11111.700912687447,161.17009126874473,0.0,11617.92733804962,11.24,0.48,0.0,0.0,5.0,6.63339999737218,7.316360005643219,5.0
2003,price_noise_high,11659.220902745867,11168.630793690654,166.86307936906542,0.0,11826.083982114931,13.32,0.72,0.0,0.0,5.0,6.77591998828575,7.032240007538348,5.0
2003,cef_noise_high,11375.808528872607,10858.405967967123,135.84059679671228,0.0,11511.649125669319,13.48,0.5,0.0,0.0,5.0,6.61504000891,6.9442999782040715,5.0
2003,bandwidth_dropout_20pct,11364.574773062828,11074.00089265328,157.40008926532792,0.0,11521.974862328156,11.54,0.46,0.0,0.0,5.0,7.676219998393208,10.1457400014624,5.0
2003,bandwidth_dropout_50pct,11364.574773062828,11074.00089265328,157.40008926532792,0.0,11521.974862328156,11.54,0.46,0.0,0.0,5.0,10.425400012172759,15.399880032055078,5.0
2004,clean,11007.495249142754,10726.946354918458,122.69463549184584,0.0,11130.1898846346,12.38,0.74,0.0,0.0,7.0,15.23839998325067,27.891089976765215,7.0
2004,price_noise_low,10958.824542060382,10833.700702751057,133.37007027510572,0.0,11092.194612335486,10.92,0.78,0.0,0.0,5.0,12.740419991314411,25.15459998976439,5.0
2004,price_noise_high,10984.605968336791,10864.721764562204,136.4721764562204,0.0,11121.078144793011,11.22,0.8,0.0,0.0,5.0,20.103420002851635,29.94376001879573,5.0
2004,cef_noise_high,10950.79829690131,10944.021551127618,144.40215511276185,0.0,11095.200452014073,10.12,0.76,0.0,0.0,7.0,13.512885713550661,26.310110016493123,7.0
2004,bandwidth_dropout_20pct,11007.495249142754,10726.946354918458,122.69463549184584,0.0,11130.1898846346,12.38,0.74,0.0,0.0,7.0,13.872957148123533,29.30625002481974,7.0
2004,bandwidth_dropout_50pct,10977.030239894417,10738.493136005283,123.84931360052833,0.0,11100.879553494946,11.62,0.74,0.0,0.0,6.0,12.250133334115768,22.30352502374444,6.0
2005,clean,11074.745257830653,10644.178830841294,114.41788308412943,0.0,11189.163140914783,10.04,0.54,0.0,0.0,5.0,15.274519985541701,28.822680015582588,5.0
2005,price_noise_low,11093.940845641917,10694.358921140087,119.43589211400868,0.0,11213.376737755925,9.66,0.56,0.0,0.0,5.0,17.050139990169555,32.444159989245236,5.0
2005,price_noise_high,11087.842598524237,10790.02928609986,129.002928609986,0.0,11216.845527134223,12.08,0.58,0.0,0.0,5.0,12.106679985299706,23.96315998630598,5.0
2005,cef_noise_high,11092.706460118201,10570.164491029569,107.01644910295691,0.0,11199.722909221158,10.02,0.56,0.0,0.0,5.0,10.551179992035031,14.18536000419408,5.0
2005,bandwidth_dropout_20pct,11074.745257830653,10644.178830841294,114.41788308412943,0.0,11189.163140914783,10.04,0.54,0.0,0.0,5.0,15.895899978931993,26.651819981634613,5.0
2005,bandwidth_dropout_50pct,11074.04907033937,10648.728118496276,114.87281184962758,0.0,11188.921882188997,9.98,0.54,0.0,0.0,5.0,13.885659992229193,22.037719993386418,5.0
2006,clean,11112.86886993053,11060.651466454754,156.0651466454754,0.0,11268.934016576004,14.88,0.82,0.0,0.0,5.0,17.0136799919419,29.51847999356687,5.0
2006,price_noise_low,11223.202987836812,11128.290014492803,162.82900144928027,0.0,11386.031989286092,14.84,0.82,0.0,0.0,5.0,20.45365998055786,31.451659952290356,5.0
2006,price_noise_high,11255.417935923826,11242.032466770394,174.20324667703937,0.0,11429.621182600866,16.84,0.8,0.0,0.0,5.0,11.286739993374795,15.883439988829195,5.0
2006,cef_noise_high,11161.274039354099,10951.951564322204,145.1951564322204,0.0,11306.46919578632,14.2,0.82,0.0,0.0,5.0,16.779359977226704,27.14611997362226,5.0
2006,bandwidth_dropout_20pct,11112.86886993053,11060.651466454754,156.0651466454754,0.0,11268.934016576004,14.88,0.82,0.0,0.0,5.0,18.688079970888793,29.53795996727422,5.0
2006,bandwidth_dropout_50pct,11112.86886993053,11060.651466454754,156.0651466454754,0.0,11268.934016576004,14.88,0.82,0.0,0.0,5.0,13.384620030410588,26.404640020336952,5.0
2007,clean,10957.445535723044,10642.886748369001,114.2886748369001,0.0,11071.734210559944,12.44,0.66,0.0,0.0,5.0,13.706859981175512,26.04633996961638,5.0
2007,price_noise_low,10927.919018996736,10631.541115164122,113.1541115164122,0.0,11041.073130513148,12.84,0.68,0.0,0.0,5.0,13.457160000689328,26.636940031312403,5.0
2007,price_noise_high,10825.390915566997,10725.497306104826,122.54973061048258,0.0,10947.94064617748,13.62,0.64,0.0,0.0,5.0,17.876639997120947,28.489000000990927,5.0
2007,cef_noise_high,10982.754974171332,10771.140570292833,127.11405702928333,0.0,11109.869031200615,12.48,0.68,0.0,0.0,5.0,17.96090001007542,30.8476599981077,5.0
2007,bandwidth_dropout_20pct,10957.445535723044,10642.886748369001,114.2886748369001,0.0,11071.734210559944,12.44,0.66,0.0,0.0,5.0,19.499280012678355,30.760640022344887,5.0
2007,bandwidth_dropout_50pct,10953.45421226212,10648.06608448692,114.80660844869199,0.0,11068.260820710813,12.3,0.66,0.0,0.0,5.0,14.017260004766285,19.00145998224616,5.0
2008,clean,11018.281489851803,10798.224335957004,129.8224335957004,0.0,11148.103923447503,9.84,0.78,0.0,0.0,5.0,15.991200017742813,28.60366000095382,5.0
2008,price_noise_low,10964.54594040291,10798.04625303745,129.80462530374498,0.0,11094.350565706654,10.0,0.78,0.0,0.0,5.0,14.611659990623593,22.858660004567355,5.0
2008,price_noise_high,10745.284505943247,10762.564401368601,126.25644013686015,0.0,10871.540946080107,11.08,0.78,0.0,0.0,5.0,17.05344000365585,27.76872001122683,5.0
2008,cef_noise_high,11032.132496202255,10822.434272788587,132.2434272788587,0.0,11164.375923481115,9.92,0.78,0.0,0.0,5.0,18.509559996891767,27.951820008456707,5.0
2008,bandwidth_dropout_20pct,11018.281489851803,10798.224335957004,129.8224335957004,0.0,11148.103923447503,9.84,0.78,0.0,0.0,5.0,18.372380000073463,28.53463999927044,5.0
2008,bandwidth_dropout_50pct,11018.281489851803,10798.224335957004,129.8224335957004,0.0,11148.103923447503,9.84,0.78,0.0,0.0,5.0,11.700920027215034,17.062660038936883,5.0
2009,clean,11032.82050598309,10759.398006083007,125.93980060830073,0.0,11158.760306591392,10.28,0.36,0.0,0.0,5.0,17.699399986304343,29.337159974966198,5.0
2009,price_noise_low,11071.43575176759,10768.135010607377,126.81350106073769,0.0,11198.24925282833,10.88,0.34,0.0,0.0,5.0,15.391699993051589,28.396059991791844,5.0
2009,price_noise_high,11017.503201723095,10853.28666338552,135.32866633855193,0.0,11152.831868061647,11.0,0.38,0.0,0.0,5.0,14.91509999614209,24.710739962756634,5.0
2009,cef_noise_high,11085.907995997535,11035.106827304571,153.51068273045712,0.0,11239.418678727992,11.6,0.36,0.0,0.0,5.0,11.852120014373213,14.690340007655323,5.0
2009,bandwidth_dropout_20pct,11032.82050598309,10759.398006083007,125.93980060830073,0.0,11158.760306591392,10.28,0.36,0.0,0.0,5.0,15.60436001745984,29.024760040920228,5.0
2009,bandwidth_dropout_50pct,11031.24461945277,10757.604691965436,125.76046919654364,0.0,11157.005088649314,10.3,0.36,0.0,0.0,5.0,20.10800001444295,29.990580037701875,5.0
2010,clean,11257.372243448397,10966.631449877608,146.66314498776083,0.0,11404.035388436158,9.68,0.74,0.0,0.0,5.0,12.801840016618371,19.224300049245358,5.0
2010,price_noise_low,11242.47175496955,10989.566789114122,148.9566789114122,0.0,11391.428433880963,9.96,0.74,0.0,0.0,5.0,18.04599998285994,24.886999977752566,5.0
2010,price_noise_high,11187.86021553263,11030.48888942723,153.04888894272298,0.0,11340.909104475353,13.04,0.78,0.0,0.0,5.0,19.973160012159497,32.096880045719445,5.0
2010,cef_noise_high,11291.2874775753,11034.939438993433,153.49394389934332,0.0,11444.781421474643,10.1,0.78,0.0,0.0,5.0,16.53331998968497,26.52323996881023,5.0
2010,bandwidth_dropout_20pct,11257.372243448397,10966.631449877608,146.66314498776083,0.0,11404.035388436158,9.68,0.74,0.0,0.0,5.0,12.116899993270636,21.462219976820048,5.0
2010,bandwidth_dropout_50pct,11257.372243448397,10966.631449877608,146.66314498776083,0.0,11404.035388436158,9.68,0.74,0.0,0.0,5.0,16.697000013664365,26.609700021799654,5.0
2011,clean,10965.988154046101,10641.758869214718,114.17588692147183,0.0,11080.164040967573,12.48,0.6,0.0,0.0,5.0,22.236979997251183,34.0059400186874,5.0
2011,price_noise_low,10977.304835285717,10669.60948943653,116.96094894365307,0.0,11094.26578422937,12.26,0.6,0.0,0.0,5.0,16.85571998823434,27.830800006631762,5.0
2011,price_noise_high,10887.32809694188,10695.063395516905,119.50633955169052,0.0,11006.83443649357,13.78,0.64,0.0,0.0,5.0,20.153359998948872,28.876140038482845,5.0
2011,cef_noise_high,10967.023219019447,10382.878598490832,88.28785984908319,0.0,11055.31107886853,12.14,0.58,0.0,0.0,5.0,13.234199990984052,23.939479980617758,5.0
2011,bandwidth_dropout_20pct,10965.988154046101,10641.758869214718,114.17588692147183,0.0,11080.164040967573,12.48,0.6,0.0,0.0,5.0,15.991940000094473,27.168980019632723,5.0
2011,bandwidth_dropout_50pct,10965.988154046101,10641.758869214718,114.17588692147183,0.0,11080.164040967573,12.48,0.6,0.0,0.0,5.0,20.975100004579872,31.03672000579536,5.0
2012,clean,11150.576137033453,10988.981137597973,148.89811375979735,0.0,11299.47425079325,10.88,0.72,0.0,0.0,5.0,17.78941999655217,27.775220002513375,5.0
2012,price_noise_low,11115.713008977455,10982.456073123994,148.24560731239944,0.0,11263.958616289854,11.8,0.78,0.0,0.0,5.0,14.204700000118464,22.800560004543513,5.0
2012,price_noise_high,10981.151626881674,11119.802349534573,161.98023495345734,0.0,11143.13186183513,12.7,0.76,0.0,0.0,5.0,16.201540012843907,27.993440022692084,5.0
2012,cef_noise_high,11172.102950443506,10943.645775897327,144.36457758973265,0.0,11316.46752803324,10.44,0.72,0.0,0.0,5.0,17.684639990329742,28.092039958573878,5.0
2012,bandwidth_dropout_20pct,11150.576137033453,10988.981137597973,148.89811375979735,0.0,11299.47425079325,10.88,0.72,0.0,0.0,5.0,19.740319973789155,43.71317997574806,5.0
2012,bandwidth_dropout_50pct,11150.576137033453,10988.981137597973,148.89811375979735,0.0,11299.47425079325,10.88,0.72,0.0,0.0,5.0,22.979000001214445,37.0873799896799,5.0
2013,clean,11433.932243004798,11084.237662824878,158.42376628248786,0.0,11592.356009287285,12.34,0.7,0.0,0.0,5.0,16.602620016783476,28.549860045313835,5.0
2013,price_noise_low,11390.906011995112,11087.6438410195,158.76438410195007,0.0,11549.670396097063,13.7,0.68,0.0,0.0,5.0,10.025239980313927,14.631599967833608,5.0
2013,price_noise_high,11216.904918077904,11065.486480138552,156.5486480138552,0.0,11373.453566091759,15.52,0.62,0.0,0.0,5.0,15.7870999770239,24.981179961469024,5.0
2013,cef_noise_high,11458.460465168653,11158.526854882373,165.85268548823734,0.0,11624.31315065689,13.7,0.64,0.0,0.0,5.0,18.090079992543906,28.92879997380078,5.0
2013,bandwidth_dropout_20pct,11433.932243004798,11084.237662824878,158.42376628248786,0.0,11592.356009287285,12.34,0.7,0.0,0.0,5.0,14.16316000977531,27.208500017877665,5.0
2013,bandwidth_dropout_50pct,11433.932243004798,11084.237662824878,158.42376628248786,0.0,11592.356009287285,12.34,0.7,0.0,0.0,5.0,18.698380002751946,28.00557998707518,5.0
2014,clean,11178.684922278338,11050.624153714347,155.0624153714347,0.0,11333.747337649773,15.28,0.74,0.0,0.0,7.0,12.686800003783512,18.226449994836,7.0
2014,price_noise_low,11273.857819583376,11046.099051125246,154.6099051125246,0.0,11428.4677246959,15.56,0.7,0.0,0.0,8.0,17.63958750234451,28.37234499165788,8.0
2014,price_noise_high,11359.642368653584,11259.432405669995,175.94324056699952,0.0,11535.585609220583,13.54,0.76,0.0,0.0,7.0,18.772771432330565,31.563710019690916,7.0
2014,cef_noise_high,11196.298321293763,11034.067703893441,153.4067703893441,0.0,11349.705091683107,16.1,0.7,0.0,0.0,7.0,14.469528562455837,27.85735998768359,7.0
2014,bandwidth_dropout_20pct,11137.634303098155,11054.062528807855,155.40625288078556,0.0,11293.040555978941,15.28,0.74,0.0,0.0,7.0,16.118042852862605,26.228560012532398,7.0
2014,bandwidth_dropout_50pct,11175.416086063802,11054.657316146195,155.46573161461947,0.0,11330.881817678423,15.18,0.74,0.0,0.0,7.0,12.705357138267052,25.740459986263875,7.0
2015,clean,11346.296869272473,11103.352775385429,160.33527753854287,0.0,11506.632146811016,11.74,0.62,0.0,0.0,5.0,14.779840013943613,27.311580034438517,5.0
2015,price_noise_low,11287.261238111245,10931.069253711466,143.10692537114664,0.0,11430.368163482392,11.94,0.62,0.0,0.0,5.0,19.494319986552,28.630679997149855,5.0
2015,price_noise_high,11196.33975706304,11022.621254066355,152.26212540663548,0.0,11348.601882469677,14.04,0.6,0.0,0.0,5.0,14.255959982983768,24.47693998692557,5.0
2015,cef_noise_high,11371.624755001556,10975.458964623442,147.5458964623442,0.0,11519.1706514639,12.52,0.64,0.0,0.0,5.0,14.246239990461618,25.16410000389442,5.0
2015,bandwidth_dropout_20pct,11346.296869272473,11103.352775385429,160.33527753854287,0.0,11506.632146811016,11.74,0.62,0.0,0.0,5.0,14.051699999254197,23.840120004024357,5.0
2015,bandwidth_dropout_50pct,11346.296869272473,11103.352775385429,160.33527753854287,0.0,11506.632146811016,11.74,0.62,0.0,0.0,5.0,15.363479999359697,29.228359984699637,5.0
2016,clean,11202.729458189498,10994.659642386105,149.46596423861047,0.0,11352.195422428109,12.16,0.46,0.0,0.0,5.0,13.811199995689094,15.611579967662692,5.0
2016,price_noise_low,11097.187672613345,10936.48107170691,143.64810717069105,0.0,11240.835779784036,12.22,0.48,0.0,0.0,5.0,15.395979990717024,24.65711998520419,5.0
2016,price_noise_high,10857.343626395152,10907.17598063522,140.71759806352202,0.0,10998.061224458674,13.04,0.48,0.0,0.0,5.0,16.28151999320835,26.701180008240044,5.0
2016,cef_noise_high,11272.409434073514,10956.673485916112,145.66734859161116,0.0,11418.076782665124,12.62,0.5,0.0,0.0,5.0,16.104580007959157,25.578760006465018,5.0
2016,bandwidth_dropout_20pct,11202.729458189498,10994.659642386105,149.46596423861047,0.0,11352.195422428109,12.16,0.46,0.0,0.0,5.0,12.543040001764894,21.349620015826076,5.0
2016,bandwidth_dropout_50pct,11202.729458189498,10994.659642386105,149.46596423861047,0.0,11352.195422428109,12.16,0.46,0.0,0.0,5.0,14.276360010262579,26.05444000801071,5.0
2017,clean,11027.940947878866,10801.149965031995,130.11499650319948,0.0,11158.055944382066,11.34,0.64,0.0,0.0,5.0,17.935640003997833,29.647999978624284,5.0
2017,price_noise_low,11134.587053833913,10774.675500937323,127.46755009373229,0.0,11262.054603927645,12.16,0.62,0.0,0.0,5.0,13.571960001718253,22.492920025251806,5.0
2017,price_noise_high,11294.96652789527,10787.68026617051,128.76802661705096,0.0,11423.73455451232,12.88,0.66,0.0,0.0,5.0,17.357099999208003,28.84270001668483,5.0
2017,cef_noise_high,11027.711754836406,10881.222003953797,138.1222003953797,0.0,11165.833955231785,11.8,0.64,0.0,0.0,5.0,13.740320014767349,22.74011999834329,5.0
2017,bandwidth_dropout_20pct,11027.940947878866,10801.149965031995,130.11499650319948,0.0,11158.055944382066,11.34,0.64,0.0,0.0,5.0,20.549499988555908,28.058479994069785,5.0
2017,bandwidth_dropout_50pct,11027.940947878866,10801.149965031995,130.11499650319948,0.0,11158.055944382066,11.34,0.64,0.0,0.0,5.0,13.097439997363836,25.589539983775463,5.0
2018,clean,11357.394985932195,10573.149789726243,107.31497897262435,0.0,11464.70996490482,11.04,0.58,0.0,0.0,5.0,15.766779996920377,20.85151995997876,5.0
2018,price_noise_low,11317.291885201212,10479.499716702678,97.94997167026777,0.0,11415.24185687148,10.22,0.6,0.0,0.0,5.0,18.45439999597147,32.44631998240948,5.0
2018,price_noise_high,11148.083705985198,10435.578299442928,93.55782994429283,0.0,11241.641535929492,10.36,0.58,0.0,0.0,5.0,19.179760001134127,28.416380030103028,5.0
2018,cef_noise_high,11421.162288900434,10540.542394223501,104.05423942235012,0.0,11525.216528322784,10.6,0.6,0.0,0.0,5.0,14.642640005331486,22.26268001832068,5.0
2018,bandwidth_dropout_20pct,11357.394985932195,10573.149789726243,107.31497897262435,0.0,11464.70996490482,11.04,0.58,0.0,0.0,5.0,16.445359995123,28.662939986679703,5.0
2018,bandwidth_dropout_50pct,11357.394985932195,10573.149789726243,107.31497897262435,0.0,11464.70996490482,11.04,0.58,0.0,0.0,5.0,16.535419994033873,25.970899988897145,5.0
2019,clean,11196.395342252918,10941.71010290019,144.17101029001898,0.0,11340.566352542937,14.0,0.8,0.0,0.0,5.0,15.068179985973984,25.811919989064336,5.0
2019,price_noise_low,11174.408926060107,10924.704860099962,142.47048600999625,0.0,11316.879412070102,13.84,0.8,0.0,0.0,5.0,13.462760008405894,23.97071997402236,5.0
2019,price_noise_high,11136.331060692333,10918.220244459882,141.82202444598826,0.0,11278.153085138321,14.74,0.8,0.0,0.0,5.0,12.775200011674315,23.50002002203837,5.0
2019,cef_noise_high,11222.27288270559,11055.961492298742,155.59614922987421,0.0,11377.869031935465,12.9,0.78,0.0,0.0,5.0,18.79860000917688,29.00612000375986,5.0
2019,bandwidth_dropout_20pct,11196.395342252918,10941.71010290019,144.17101029001898,0.0,11340.566352542937,14.0,0.8,0.0,0.0,5.0,15.63859999878332,28.45900000538677,5.0
2019,bandwidth_dropout_50pct,11196.395342252918,10941.71010290019,144.17101029001898,0.0,11340.566352542937,14.0,0.8,0.0,0.0,5.0,20.177179982420057,25.686079973820597,5.0
2020,clean,11271.82806674616,11143.073748838748,164.3073748838748,0.0,11436.135441630035,12.16,0.6,0.0,0.0,6.0,14.622249999471629,27.059749991167337,6.0
2020,price_noise_low,11250.651229445706,11231.744688657413,173.17446886574126,0.0,11423.825698311448,11.04,0.6,0.0,0.0,5.0,19.743499986361712,29.48623999254778,5.0
2020,price_noise_high,11259.983433496529,11171.588394396505,167.15883943965056,0.0,11427.14227293618,12.62,0.52,0.0,0.0,5.0,11.88716001342982,17.01666001463309,5.0
2020,cef_noise_high,11261.12647946246,11024.225157480296,152.42251574802958,0.0,11413.54899521049,10.2,0.58,0.0,0.0,5.0,18.032619985751808,29.071740002837032,5.0
2020,bandwidth_dropout_20pct,11271.82806674616,11143.073748838748,164.3073748838748,0.0,11436.135441630035,12.16,0.6,0.0,0.0,6.0,15.139199987364313,24.075674984487705,6.0
2020,bandwidth_dropout_50pct,11271.82806674616,11143.073748838748,164.3073748838748,0.0,11436.135441630035,12.16,0.6,0.0,0.0,6.0,14.256616666292151,21.90087499911897,6.0
2021,clean,11009.804076955697,11083.889726755497,158.38897267554967,0.0,11168.193049631247,10.32,0.78,0.0,0.0,5.0,12.402360001578927,17.982200032565743,5.0
2021,price_noise_low,11069.189028493238,11056.936230361098,155.69362303610978,0.0,11224.882651529348,10.82,0.76,0.0,0.0,5.0,12.397139996755868,15.767339989542961,5.0
2021,price_noise_high,11059.984728596528,11016.686991855939,151.66869918559388,0.0,11211.653427782121,12.9,0.76,0.0,0.0,6.0,18.125066669502605,29.038849999778904,6.0
2021,cef_noise_high,11074.080912338435,10967.458374260961,146.74583742609613,0.0,11220.826749764532,11.0,0.78,0.0,0.0,5.0,15.72810000507161,25.59455999871716,5.0
2021,bandwidth_dropout_20pct,11028.005293413016,11077.024920941665,157.70249209416653,0.0,11185.707785507182,10.32,0.78,0.0,0.0,5.0,16.292120004072785,31.238200038205832,5.0
2021,bandwidth_dropout_50pct,11028.005293413016,11077.024920941665,157.70249209416653,0.0,11185.707785507182,10.32,0.78,0.0,0.0,5.0,14.266400004271418,19.944360002409667,5.0
2022,clean,10915.053391152325,10459.437751951618,95.94377519516183,0.0,11010.997166347486,8.6,0.46,0.0,0.0,5.0,14.76278001209721,19.030979997478426,5.0
2022,price_noise_low,10893.68978659165,10353.033250412791,85.3033250412791,0.0,10978.99311163293,9.88,0.46,0.0,0.0,5.0,19.936760002747178,29.58600000711158,5.0
2022,price_noise_high,10765.492694393855,10355.982007834491,85.5982007834491,0.0,10851.090895177305,11.84,0.48,0.0,0.0,5.0,16.192680003587157,26.984839979559183,5.0
2022,cef_noise_high,10930.543665984398,10386.882608682195,88.68826086821956,0.0,11019.231926852617,8.54,0.46,0.0,0.0,5.0,12.404519994743168,20.68171998253092,5.0
2022,bandwidth_dropout_20pct,10915.053391152325,10459.437751951618,95.94377519516183,0.0,11010.997166347486,8.6,0.46,0.0,0.0,5.0,11.593300011008978,16.08016003156081,5.0
2022,bandwidth_dropout_50pct,10915.053391152325,10459.437751951618,95.94377519516183,0.0,11010.997166347486,8.6,0.46,0.0,0.0,5.0,19.43733999505639,29.443039977923036,5.0
2023,clean,11375.146926493577,11072.304327317695,157.23043273176955,0.0,11532.377359225346,10.2,0.58,0.0,0.0,5.0,14.234980009496212,24.445400002878156,5.0
2023,price_noise_low,11408.19695691307,11029.252897305096,152.92528973050958,0.0,11561.12224664358,10.8,0.58,0.0,0.0,5.0,16.59298000158742,31.187600002158433,5.0
2023,price_noise_high,11389.779661532173,10970.759259273367,147.07592592733673,0.0,11536.85558745951,10.62,0.58,0.0,0.0,5.0,18.33163999253884,28.793099988251925,5.0
2023,cef_noise_high,11353.577841292565,11052.052503455203,155.2052503455203,0.0,11508.783091638084,10.8,0.6,0.0,0.0,5.0,11.516880011186004,15.871200012043118,5.0
2023,bandwidth_dropout_20pct,11375.146926493577,11072.304327317695,157.23043273176955,0.0,11532.377359225346,10.2,0.58,0.0,0.0,5.0,18.082040001172572,29.033759993035346,5.0
2023,bandwidth_dropout_50pct,11375.146926493577,11072.304327317695,157.23043273176955,0.0,11532.377359225346,10.2,0.58,0.0,0.0,5.0,12.122600013390183,18.30514003522694,5.0
2024,clean,10754.023322137642,10195.11336847191,69.51133684719098,0.0,10823.534658984832,9.6,0.46,0.0,0.0,5.0,9.8104799981229,16.997500008437783,5.0
2024,price_noise_low,10728.5391594291,10259.364967656566,75.93649676565656,0.0,10804.475656194756,9.74,0.44,0.0,0.0,5.0,6.437079992610961,6.614240002818406,5.0
2024,price_noise_high,10697.841096730386,10133.757889123324,63.37578891233243,0.0,10761.216885642718,10.4,0.46,0.0,0.0,5.0,6.82104000588879,7.3455599951557815,5.0
2024,cef_noise_high,10763.291864874125,10250.400725965213,75.04007259652136,0.0,10838.331937470646,9.96,0.5,0.0,0.0,5.0,7.0818199892528355,8.932099968660623,5.0
2024,bandwidth_dropout_20pct,10754.023322137642,10195.11336847191,69.51133684719098,0.0,10823.534658984832,9.6,0.46,0.0,0.0,5.0,6.517699989490211,6.712519971188158,5.0
2024,bandwidth_dropout_50pct,10761.545381538086,10194.923595462846,69.49235954628458,0.0,10831.03774108437,9.84,0.46,0.0,0.0,5.0,6.371359992772341,6.765640003141016,5.0
2025,clean,11129.957902044738,10837.038127082416,133.70381270824166,0.0,11263.66171475298,13.78,0.72,0.0,0.0,5.0,6.847960012964904,7.229280029423535,5.0
2025,price_noise_low,11046.378803256195,10918.76872882303,141.876872882303,0.0,11188.255676138499,11.64,0.68,0.0,0.0,5.0,6.648400006815791,7.38200000487268,5.0
2025,price_noise_high,10789.207851877145,10934.505044752326,143.45050447523263,0.0,10932.658356352378,11.76,0.7,0.0,0.0,5.0,6.617539981380105,6.959779956378043,5.0
2025,cef_noise_high,11147.653491691975,10932.21905167795,143.22190516779503,0.0,11290.87539685977,12.9,0.7,0.0,0.0,5.0,6.67039998807013,7.035759987775236,5.0
2025,bandwidth_dropout_20pct,11129.957902044738,10837.038127082416,133.70381270824166,0.0,11263.66171475298,13.78,0.72,0.0,0.0,5.0,6.518759997561574,6.942019972484559,5.0
2025,bandwidth_dropout_50pct,11129.957902044738,10837.038127082416,133.70381270824166,0.0,11263.66171475298,13.78,0.72,0.0,0.0,5.0,6.565980007871985,6.90453996649012,5.0
2026,clean,11135.00920961933,11109.21989202101,160.92198920210103,0.0,11295.93119882143,12.96,0.46,0.0,0.0,5.0,6.513699993956834,6.981479981914163,5.0
2026,price_noise_low,11155.93494364316,11054.199621214837,155.4199621214837,0.0,11311.354905764643,12.62,0.46,0.0,0.0,5.0,6.188320019282401,6.341160030569881,5.0
2026,price_noise_high,11295.041792231657,11040.818443187058,154.08184431870578,0.0,11449.123636550363,13.26,0.54,0.0,0.0,5.0,6.5210600034333766,6.971720035653561,5.0
2026,cef_noise_high,11145.758268540427,11273.973253754102,177.39732537541022,0.0,11323.155593915837,12.22,0.46,0.0,0.0,5.0,6.517139985226095,6.683059956412762,5.0
2026,bandwidth_dropout_20pct,11135.00920961933,11109.21989202101,160.92198920210103,0.0,11295.93119882143,12.96,0.46,0.0,0.0,5.0,6.747280003037304,7.239980006124824,5.0
2026,bandwidth_dropout_50pct,11135.00920961933,11109.21989202101,160.92198920210103,0.0,11295.93119882143,12.96,0.46,0.0,0.0,5.0,7.152459991630167,7.854000013321638,5.0
2027,clean,10789.97826006562,10570.512007501422,107.0512007501422,0.0,10897.029460815762,14.42,0.56,0.0,0.0,5.0,6.8840799969621,7.847279997076839,5.0
2027,price_noise_low,10813.309684034419,10512.638282740714,101.26382827407143,0.0,10914.57351230849,15.12,0.62,0.0,0.0,5.0,7.115539989899844,8.692879998125136,5.0
2027,price_noise_high,10810.944272048993,10486.891539153301,98.68915391533011,0.0,10909.633425964323,14.78,0.64,0.0,0.0,5.0,6.617379991803318,7.92310000397265,5.0
2027,cef_noise_high,10809.38636785176,10684.590092772594,118.45900927725944,0.0,10927.845377129019,14.82,0.6,0.0,0.0,5.0,6.645060004666448,7.903639995492995,5.0
2027,bandwidth_dropout_20pct,10789.97826006562,10570.512007501422,107.0512007501422,0.0,10897.029460815762,14.42,0.56,0.0,0.0,5.0,6.806940003298223,7.102619984652847,5.0
2027,bandwidth_dropout_50pct,10789.97826006562,10570.512007501422,107.0512007501422,0.0,10897.029460815762,14.42,0.56,0.0,0.0,5.0,6.564960000105202,6.997639988549054,5.0
2028,clean,11215.748838494754,11105.010914497427,160.5010914497427,0.0,11376.249929944497,12.06,0.6,0.0,0.0,5.0,7.174779998604208,7.930299977306277,5.0
2028,price_noise_low,11166.384554716196,11081.977880730376,158.19778807303757,0.0,11324.582342789234,13.4,0.64,0.0,0.0,5.0,7.2545799892395735,7.971699966583401,5.0
2028,price_noise_high,11009.467973724939,11014.4507166807,151.44507166806997,0.0,11160.913045393008,13.78,0.66,0.0,0.0,5.0,7.417640008497983,8.26206001220271,5.0
2028,cef_noise_high,11215.931567607995,11201.660872832374,170.16608728323737,0.0,11386.097654891233,12.62,0.62,0.0,0.0,5.0,8.752739999908954,12.2050000121817,5.0
2028,bandwidth_dropout_20pct,11215.748838494754,11105.010914497427,160.5010914497427,0.0,11376.249929944497,12.06,0.6,0.0,0.0,5.0,6.629999994765967,6.937040004413575,5.0
2028,bandwidth_dropout_50pct,11215.748838494754,11105.010914497427,160.5010914497427,0.0,11376.249929944497,12.06,0.6,0.0,0.0,5.0,6.865200004540384,7.323439989704639,5.0
2029,clean,10946.669730779653,10665.321025914798,116.53210259147983,0.0,11063.201833371133,11.6,0.76,0.0,0.0,5.0,6.967560027260333,7.302920043002814,5.0
2029,price_noise_low,10978.577137491236,10656.88431445996,115.68843144599596,0.0,11094.265568937233,12.0,0.76,0.0,0.0,5.0,6.746539997402579,7.4754000175744295,5.0
2029,price_noise_high,10996.780153840024,10694.185916755892,119.41859167558924,0.0,11116.198745515612,12.74,0.74,0.0,0.0,5.0,6.681119999848306,8.127639989834279,5.0
2029,cef_noise_high,10969.41261306524,10812.939433078986,131.29394330789856,0.0,11100.70655637314,11.16,0.76,0.0,0.0,5.0,6.523059995379299,6.901540036778897,5.0
2029,bandwidth_dropout_20pct,10946.669730779653,10665.321025914798,116.53210259147983,0.0,11063.201833371133,11.6,0.76,0.0,0.0,5.0,6.8194399937056005,7.169679983053356,5.0
2029,bandwidth_dropout_50pct,10946.669730779653,10665.321025914798,116.53210259147983,0.0,11063.201833371133,11.6,0.76,0.0,0.0,5.0,7.778959989082068,9.531599981710315,5.0
2030,clean,11014.153994286884,10763.534395094584,126.35343950945844,0.0,11140.507433796342,10.14,0.32,0.0,0.0,5.0,6.847700010985136,8.03807998308912,5.0
2030,price_noise_low,10936.3705720437,10847.520014539721,134.75200145397213,0.0,11071.12257349767,10.9,0.36,0.0,0.0,5.0,6.515860022045672,6.984700006432831,5.0
2030,price_noise_high,10687.528684459183,10828.770747230148,132.87707472301483,0.0,10820.405759182198,12.1,0.38,0.0,0.0,5.0,6.695539993233979,7.123559981118888,5.0
2030,cef_noise_high,11024.170675076413,10737.394026436905,123.73940264369048,0.0,11147.910077720104,9.9,0.34,0.0,0.0,5.0,6.59995999885723,7.1545799961313605,5.0
2030,bandwidth_dropout_20pct,11014.153994286884,10763.534395094584,126.35343950945844,0.0,11140.507433796342,10.14,0.32,0.0,0.0,5.0,6.585240003187209,6.792260007932782,5.0
2030,bandwidth_dropout_50pct,11014.153994286884,10763.534395094584,126.35343950945844,0.0,11140.507433796342,10.14,0.32,0.0,0.0,5.0,6.810959987342358,7.616220007184893,5.0
2031,clean,11080.877121610356,10932.91566592549,143.29156659254895,0.0,11224.168688202904,12.02,0.72,0.0,0.0,5.0,6.386979983653873,6.600519979838282,5.0
2031,price_noise_low,11067.114755060396,10866.266943316528,136.62669433165283,0.0,11203.74144939205,12.52,0.72,0.0,0.0,5.0,6.48939999518916,6.671680021099746,5.0
2031,price_noise_high,11005.765329811431,10915.53199298982,141.55319929898198,0.0,11147.318529110413,14.34,0.72,0.0,0.0,5.0,6.8957600044086576,7.646100013516843,5.0
2031,cef_noise_high,11128.368222684212,10867.936593511125,136.79365935111255,0.0,11265.161882035325,14.1,0.76,0.0,0.0,6.0,6.720349997825299,7.124024996301159,6.0
2031,bandwidth_dropout_20pct,11080.877121610356,10932.91566592549,143.29156659254895,0.0,11224.168688202904,12.02,0.72,0.0,0.0,5.0,7.347539998590946,9.033079992514104,5.0
2031,bandwidth_dropout_50pct,11080.877121610356,10932.91566592549,143.29156659254895,0.0,11224.168688202904,12.02,0.72,0.0,0.0,5.0,7.749779999721795,9.92777997162193,5.0
2032,clean,11107.909228205233,10842.24571972921,134.22457197292098,0.0,11242.133800178155,11.38,0.7,0.0,0.0,5.0,9.270340017974377,12.469040043652058,5.0
2032,price_noise_low,11190.79106715228,10808.486566388496,130.84865663884958,0.0,11321.63972379113,11.04,0.76,0.0,0.0,5.0,6.5676999860443175,7.238959986716509,5.0
2032,price_noise_high,11303.519146711244,10789.907640607773,128.9907640607773,0.0,11432.509910772022,11.68,0.76,0.0,0.0,5.0,7.093219994567335,7.602919987402856,5.0
2032,cef_noise_high,11105.140949767614,10789.52609765845,128.95260976584504,0.0,11234.09355953346,11.5,0.7,0.0,0.0,5.0,7.342000014614314,8.063580025918782,5.0
2032,bandwidth_dropout_20pct,11107.909228205233,10842.24571972921,134.22457197292098,0.0,11242.133800178155,11.38,0.7,0.0,0.0,5.0,6.686599995009601,7.208059972617775,5.0
2032,bandwidth_dropout_50pct,11107.909228205233,10842.24571972921,134.22457197292098,0.0,11242.133800178155,11.38,0.7,0.0,0.0,5.0,7.208559988066554,7.894659973680973,5.0
2033,clean,11140.51910206148,10773.935430301335,127.39354303013351,0.0,11267.912645091614,9.44,0.6,0.0,0.0,5.0,8.889219991397113,12.449959991499782,5.0
2033,price_noise_low,11037.61069916243,10884.72494396331,138.47249439633106,0.0,11176.08319355876,8.54,0.62,0.0,0.0,5.0,11.160520021803677,16.73246002756059,5.0
2033,price_noise_high,10902.006528398306,11007.201379464415,150.72013794644155,0.0,11052.726666344748,10.96,0.6,0.0,0.0,5.0,8.172840008046478,10.837900009937584,5.0
2033,cef_noise_high,11175.711252945344,10632.857842801452,113.28578428014517,0.0,11288.99703722549,10.3,0.6,0.0,0.0,5.0,6.698180001694709,6.834000023081899,5.0
2033,bandwidth_dropout_20pct,11140.51910206148,10773.935430301335,127.39354303013351,0.0,11267.912645091614,9.44,0.6,0.0,0.0,5.0,7.153900002595037,7.478099979925901,5.0
2033,bandwidth_dropout_50pct,11140.51910206148,10773.935430301335,127.39354303013351,0.0,11267.912645091614,9.44,0.6,0.0,0.0,5.0,7.40025999257341,7.911899988539517,5.0
2034,clean,11212.12530244481,11203.206224786345,170.3206224786345,0.0,11382.445924923446,11.42,0.78,0.0,0.0,5.0,7.054679992143065,7.55493997130543,5.0
2034,price_noise_low,11225.907319946535,11223.44610231496,172.34461023149598,0.0,11398.25193017803,11.26,0.78,0.0,0.0,5.0,7.188419997692108,7.483459974173456,5.0
2034,price_noise_high,11302.24920591318,11209.808285559442,170.9808285559442,0.0,11473.230034469125,13.74,0.8,0.0,0.0,5.0,6.764799996744841,7.096999988425523,5.0
2034,cef_noise_high,11305.715672334,11169.743098875522,166.97430988755224,0.0,11472.689982221551,13.52,0.78,0.0,0.0,5.0,7.46107999002561,8.498919988051057,5.0
2034,bandwidth_dropout_20pct,11212.12530244481,11203.206224786345,170.3206224786345,0.0,11382.445924923446,11.42,0.78,0.0,0.0,5.0,7.316960010211915,8.140359993558377,5.0
2034,bandwidth_dropout_50pct,11212.12530244481,11203.206224786345,170.3206224786345,0.0,11382.445924923446,11.42,0.78,0.0,0.0,5.0,6.956960016395897,7.418940053321421,5.0
2035,clean,10919.026745370566,10622.216953097348,112.2216953097348,0.0,11031.2484406803,8.6,0.7,0.0,0.0,5.0,6.839779997244477,7.512959989253432,5.0
2035,price_noise_low,10921.287029091096,10569.51208084535,106.95120808453504,0.0,11028.23823717563,10.3,0.7,0.0,0.0,5.0,6.715199991595,7.133719988632947,5.0
2035,price_noise_high,10746.205727037957,10515.701663762808,101.57016637628077,0.0,10847.775893414238,12.14,0.7,0.0,0.0,5.0,6.534339988138527,7.080319989472628,5.0
2035,cef_noise_high,10953.625942098315,10872.84823169151,137.28482316915105,0.0,11090.910765267467,10.34,0.66,0.0,0.0,5.0,6.690420000813901,6.894679996185005,5.0
2035,bandwidth_dropout_20pct,10919.026745370566,10622.216953097348,112.2216953097348,0.0,11031.2484406803,8.6,0.7,0.0,0.0,5.0,6.794079998508096,7.298860000446439,5.0
2035,bandwidth_dropout_50pct,10919.026745370566,10622.216953097348,112.2216953097348,0.0,11031.2484406803,8.6,0.7,0.0,0.0,5.0,6.981019990053028,7.266960002016276,5.0
2036,clean,11345.950901699032,11117.267549236149,161.72675492361486,0.0,11507.677656622647,15.18,0.84,0.0,0.0,5.0,6.424139975570142,6.613660021685064,5.0
2036,price_noise_low,11415.733194378623,11150.155534415957,165.0155534415957,0.0,11580.748747820218,14.32,0.8,0.0,0.0,5.0,6.545040011405945,6.9701400003395975,5.0
2036,price_noise_high,11475.506137592543,11281.75380716913,178.17538071691308,0.0,11653.681518309457,15.26,0.78,0.0,0.0,5.0,6.608339992817491,7.070019992534071,5.0
2036,cef_noise_high,11364.896503383407,11213.955318515158,171.3955318515158,0.0,11536.292035234923,15.3,0.82,0.0,0.0,5.0,6.607220007572323,6.795499997679144,5.0
2036,bandwidth_dropout_20pct,11345.950901699032,11117.267549236149,161.72675492361486,0.0,11507.677656622647,15.18,0.84,0.0,0.0,5.0,6.58276000758633,6.824520032387227,5.0
2036,bandwidth_dropout_50pct,11345.950901699032,11117.267549236149,161.72675492361486,0.0,11507.677656622647,15.18,0.84,0.0,0.0,5.0,6.917919998522848,7.259719993453473,5.0
2037,clean,11175.85155178457,10856.110272581107,135.6110272581107,0.0,11311.46257904268,9.4,0.68,0.0,0.0,5.0,6.266860000323504,6.528319988865405,5.0
2037,price_noise_low,11158.957641441313,10730.35270705377,123.03527070537694,0.0,11281.99291214669,8.64,0.72,0.0,0.0,5.0,6.775440007913858,6.976139987818897,5.0
2037,price_noise_high,10985.88474487586,10877.631220950707,137.76312209507068,0.0,11123.647866970932,12.54,0.68,0.0,0.0,5.0,6.815859989728779,7.332679978571832,5.0
2037,cef_noise_high,11226.855054269032,10913.924438543252,141.39244385432522,0.0,11368.247498123357,8.52,0.72,0.0,0.0,5.0,6.579479994252324,6.848520017229021,5.0
2037,bandwidth_dropout_20pct,11175.85155178457,10856.110272581107,135.6110272581107,0.0,11311.46257904268,9.4,0.68,0.0,0.0,5.0,6.565560004673898,6.844940036535263,5.0
2037,bandwidth_dropout_50pct,11175.85155178457,10856.110272581107,135.6110272581107,0.0,11311.46257904268,9.4,0.68,0.0,0.0,5.0,6.511380011215806,7.3247000109404325,5.0
2038,clean,11395.424903061907,10679.091405290023,117.90914052900226,0.0,11513.334043590909,9.64,0.64,0.0,0.0,5.0,7.770419993903488,9.814299980644137,5.0
2038,price_noise_low,11417.744425171177,10745.443544097081,124.5443544097081,0.0,11542.288779580886,10.5,0.58,0.0,0.0,5.0,7.290179980918765,8.104760001879185,5.0
2038,price_noise_high,11578.044405110097,10714.649694032061,121.46496940320613,0.0,11699.509374513304,12.74,0.6,0.0,0.0,5.0,7.522199989762157,9.375779971014708,5.0
2038,cef_noise_high,11369.996287855414,10762.287753147279,126.22877531472787,0.0,11496.225063170143,10.02,0.6,0.0,0.0,5.0,6.887399998959154,8.174379973206669,5.0
2038,bandwidth_dropout_20pct,11395.424903061907,10679.091405290023,117.90914052900226,0.0,11513.334043590909,9.64,0.64,0.0,0.0,5.0,6.429140013642609,6.787800008896738,5.0
2038,bandwidth_dropout_50pct,11395.424903061907,10679.091405290023,117.90914052900226,0.0,11513.334043590909,9.64,0.64,0.0,0.0,5.0,6.549920001998544,7.076720020268112,5.0
2039,clean,11160.833220095434,10967.486174293977,146.74861742939774,0.0,11307.581837524831,12.1,0.5,0.0,0.0,5.0,6.4674600143916905,6.756840017624199,5.0
2039,price_noise_low,11105.91302035726,11010.098307184793,151.00983071847932,0.0,11256.92285107574,11.64,0.52,0.0,0.0,5.0,6.6484599956311285,8.103839994873852,5.0
2039,price_noise_high,11020.540297083002,11029.94231849299,152.99423184929893,0.0,11173.534528932301,12.36,0.58,0.0,0.0,5.0,7.577260001562536,9.199280012398958,5.0
2039,cef_noise_high,11145.211620100512,10946.824283426147,144.68242834261474,0.0,11289.894048443126,11.44,0.48,0.0,0.0,5.0,6.640539993532002,6.807640008628368,5.0
2039,bandwidth_dropout_20pct,11160.833220095434,10967.486174293977,146.74861742939774,0.0,11307.581837524831,12.1,0.5,0.0,0.0,5.0,6.687800004146993,7.039120013359934,5.0
2039,bandwidth_dropout_50pct,11160.833220095434,10967.486174293977,146.74861742939774,0.0,11307.581837524831,12.1,0.5,0.0,0.0,5.0,6.912680005189031,7.793899986427277,5.0
2040,clean,11157.705490087572,10666.461661616731,116.64616616167314,0.0,11274.351656249244,9.86,0.78,0.0,0.0,5.0,6.485980004072189,7.123839994892478,5.0
2040,price_noise_low,11207.476413044142,10703.858078806754,120.38580788067539,0.0,11327.862220924817,10.76,0.78,0.0,0.0,5.0,6.612900004256517,7.342659973073751,5.0
2040,price_noise_high,11308.258355591666,10713.057936766323,121.30579367663232,0.0,11429.564149268299,11.9,0.78,0.0,0.0,5.0,6.410300021525472,6.690840004011989,5.0
2040,cef_noise_high,11164.852580320061,10765.602135730438,126.56021357304381,0.0,11291.412793893105,10.84,0.76,0.0,0.0,5.0,7.182119996286929,7.837440026924014,5.0
2040,bandwidth_dropout_20pct,11157.705490087572,10666.461661616731,116.64616616167314,0.0,11274.351656249244,9.86,0.78,0.0,0.0,5.0,7.344359997659922,7.6459200121462345,5.0
2040,bandwidth_dropout_50pct,11157.705490087572,10666.461661616731,116.64616616167314,0.0,11274.351656249244,9.86,0.78,0.0,0.0,5.0,6.818560010287911,7.554020022507757,5.0
2041,clean,11062.608558408394,10973.921487374022,147.3921487374022,0.0,11210.000707145797,8.24,0.84,0.0,0.0,5.0,8.510419994127005,10.14269997831434,5.0
2041,price_noise_low,11045.104081389978,10946.457463364408,144.6457463364408,0.0,11189.749827726419,9.0,0.84,0.0,0.0,5.0,7.574899995233864,8.855999982915819,5.0
2041,price_noise_high,11210.720684498137,10955.938515868453,145.59385158684526,0.0,11356.314536084983,13.64,0.8,0.0,0.0,6.0,6.456433329731226,6.728274980559945,6.0
2041,cef_noise_high,11163.259167842163,10809.358049218437,130.93580492184375,0.0,11294.194972764008,9.64,0.82,0.0,0.0,5.0,7.2351000271737576,8.565060026012361,5.0
2041,bandwidth_dropout_20pct,11062.608558408394,10973.921487374022,147.3921487374022,0.0,11210.000707145797,8.24,0.84,0.0,0.0,5.0,7.2011200012639165,8.47847998375073,5.0
2041,bandwidth_dropout_50pct,11062.608558408394,10973.921487374022,147.3921487374022,0.0,11210.000707145797,8.24,0.84,0.0,0.0,5.0,8.887440001126379,12.078339990694076,5.0
2042,clean,11601.46280934866,11374.411076041142,187.44110760411422,0.0,11788.903916952775,12.96,0.6,0.0,0.0,5.0,7.4482399970293045,9.013660007622093,5.0
2042,price_noise_low,11558.411387342698,11460.46409535277,196.04640953527706,0.0,11754.457796877974,11.14,0.66,0.0,0.0,5.0,8.795100008137524,12.227260041981936,5.0
2042,price_noise_high,11356.237932195412,11651.315199411916,215.13151994119164,0.0,11571.369452136603,12.24,0.64,0.0,0.0,5.0,6.801360007375479,7.240879989694804,5.0
2042,cef_noise_high,11599.647660774594,11603.63726144797,210.36372614479697,0.0,11810.01138691939,11.32,0.64,0.0,0.0,5.0,7.462079997640103,10.479760018642992,5.0
2042,bandwidth_dropout_20pct,11601.46280934866,11374.411076041142,187.44110760411422,0.0,11788.903916952775,12.96,0.6,0.0,0.0,5.0,7.7981999958865345,8.590159961022437,5.0
2042,bandwidth_dropout_50pct,11601.46280934866,11374.411076041142,187.44110760411422,0.0,11788.903916952775,12.96,0.6,0.0,0.0,5.0,6.590259994845837,7.1824399987235665,5.0
2043,clean,11002.201279006262,10946.461725129626,144.64617251296258,0.0,11146.847451519225,14.88,0.7,0.0,0.0,5.0,6.78252000361681,7.267159991897643,5.0
2043,price_noise_low,10928.4745678631,10963.420359794021,146.34203597940214,0.0,11074.816603842502,14.54,0.7,0.0,0.0,5.0,7.055120007134974,8.083119988441467,5.0
2043,price_noise_high,10777.584714792018,10971.008607980826,147.1008607980826,0.0,10924.6855755901,15.84,0.58,0.0,0.0,5.0,6.225880014244467,6.5288000158034265,5.0
2043,cef_noise_high,11027.44131737066,10873.878075303623,137.38780753036227,0.0,11164.829124901022,13.18,0.7,0.0,0.0,5.0,6.809459999203682,7.440479996148497,5.0
2043,bandwidth_dropout_20pct,11002.201279006262,10946.461725129626,144.64617251296258,0.0,11146.847451519225,14.88,0.7,0.0,0.0,5.0,6.453160010278225,7.2404600330628455,5.0
2043,bandwidth_dropout_50pct,11002.201279006262,10946.461725129626,144.64617251296258,0.0,11146.847451519225,14.88,0.7,0.0,0.0,5.0,6.483799999114126,6.7531999899074435,5.0
2044,clean,10965.317604909571,10495.671838736103,99.56718387361035,0.0,11064.884788783182,13.0,0.82,0.0,0.0,5.0,6.743199995253235,7.434839988127351,5.0
2044,price_noise_low,10850.268802443023,10549.825081879773,104.98250818797733,0.0,10955.251310631,11.78,0.82,0.0,0.0,5.0,6.660199991893023,7.2960399789735675,5.0
2044,price_noise_high,10667.193540505428,10601.42241291973,110.14224129197301,0.0,10777.335781797401,12.66,0.8,0.0,0.0,5.0,6.646360002923757,7.274080021306872,5.0
2044,cef_noise_high,10977.92150429024,10477.282911270457,97.72829112704568,0.0,11075.649795417285,13.26,0.8,0.0,0.0,5.0,6.684099999256432,7.107840036042035,5.0
2044,bandwidth_dropout_20pct,10965.317604909571,10495.671838736103,99.56718387361035,0.0,11064.884788783182,13.0,0.82,0.0,0.0,5.0,7.836320006754249,10.871940001379699,5.0
2044,bandwidth_dropout_50pct,10965.317604909571,10495.671838736103,99.56718387361035,0.0,11064.884788783182,13.0,0.82,0.0,0.0,5.0,6.623679993208498,6.962759967427701,5.0
2045,clean,10930.77635464283,10607.625454021683,110.76254540216833,0.0,11041.538900045,11.12,0.92,0.0,0.0,5.0,6.615700002294034,6.78605999564752,5.0
2045,price_noise_low,10857.701244143998,10551.345847015684,105.13458470156839,0.0,10962.835828845567,12.22,0.92,0.0,0.0,5.0,7.15968000004068,9.250880021136254,5.0
2045,price_noise_high,10988.779327349846,10534.41436232861,103.4414362328611,0.0,11092.220763582707,13.38,0.92,0.0,0.0,5.0,6.789479998406023,7.207259989809245,5.0
2045,cef_noise_high,10893.772073210945,10676.45606940076,117.64560694007596,0.0,11011.41768015102,10.3,0.92,0.0,0.0,6.0,6.543866659436996,6.829699996160343,6.0
2045,bandwidth_dropout_20pct,10930.77635464283,10607.625454021683,110.76254540216833,0.0,11041.538900045,11.12,0.92,0.0,0.0,5.0,6.845999998040497,7.305319991428405,5.0
2045,bandwidth_dropout_50pct,10930.77635464283,10607.625454021683,110.76254540216833,0.0,11041.538900045,11.12,0.92,0.0,0.0,5.0,6.401299999561161,6.725979968905449,5.0
2046,clean,11086.85897462627,10750.925444090803,125.09254440908026,0.0,11211.95151903535,11.42,0.62,0.0,0.0,5.0,6.752339995000511,7.191039982717484,5.0
2046,price_noise_low,11145.267201931692,10836.996512561573,133.69965125615727,0.0,11278.966853187849,11.54,0.68,0.0,0.0,5.0,6.861420010682195,7.112960005179048,5.0
2046,price_noise_high,11226.242098443887,10965.583108940697,146.55831089406965,0.0,11372.800409337957,12.96,0.74,0.0,0.0,5.0,6.258239992894232,6.413400010205805,5.0
2046,cef_noise_high,11105.199929764647,10685.833581043422,118.5833581043422,0.0,11223.78328786899,11.86,0.66,0.0,0.0,5.0,6.398060009814799,6.586740037892014,5.0
2046,bandwidth_dropout_20pct,11086.85897462627,10750.925444090803,125.09254440908026,0.0,11211.95151903535,11.42,0.62,0.0,0.0,5.0,6.857780006248504,8.057760016527027,5.0
2046,bandwidth_dropout_50pct,11086.85897462627,10750.925444090803,125.09254440908026,0.0,11211.95151903535,11.42,0.62,0.0,0.0,5.0,6.861640000715852,7.3220400139689445,5.0
2047,clean,10931.987627902266,10652.278331591202,115.22783315912021,0.0,11047.215461061387,13.6,0.58,0.0,0.0,5.0,6.318499997723848,6.438640016131103,5.0
2047,price_noise_low,10911.143443043004,10697.876391411031,119.78763914110314,0.0,11030.931082184106,14.54,0.58,0.0,0.0,5.0,6.417539983522147,6.858999980613589,5.0
2047,price_noise_high,10864.164112402994,10702.626696399686,120.26266963996859,0.0,10984.426782042963,14.58,0.6,0.0,0.0,5.0,6.36915999930352,7.01984001789242,5.0
2047,cef_noise_high,10931.101563571114,10540.175372013713,104.01753720137131,0.0,11035.119100772485,14.08,0.58,0.0,0.0,5.0,6.332560011651367,6.67582000605762,5.0
2047,bandwidth_dropout_20pct,10931.987627902266,10652.278331591202,115.22783315912021,0.0,11047.215461061387,13.6,0.58,0.0,0.0,5.0,6.59721998963505,6.762199988588691,5.0
2047,bandwidth_dropout_50pct,10931.987627902266,10652.278331591202,115.22783315912021,0.0,11047.215461061387,13.6,0.58,0.0,0.0,5.0,6.71279999660328,7.266500010155141,5.0
2048,clean,11116.926598243956,10787.538784334783,128.75387843347835,0.0,11245.680476677433,9.98,0.7,0.0,0.0,5.0,7.339440006762743,8.920660021249205,5.0
2048,price_noise_low,11152.615057680825,10755.269393266646,125.52693932666462,0.0,11278.14199700749,11.3,0.66,0.0,0.0,5.0,6.593340006656945,7.291780004743487,5.0
2048,price_noise_high,11255.44680711345,10593.274374460303,109.32743744603032,0.0,11364.774244559481,12.44,0.66,0.0,0.0,5.0,7.2367999935522676,8.188720000907779,5.0
2048,cef_noise_high,11122.608798791534,10761.915469646166,126.19154696461665,0.0,11248.800345756152,10.8,0.66,0.0,0.0,5.0,6.274580000899732,6.588439992628992,5.0
2048,bandwidth_dropout_20pct,11116.926598243956,10787.538784334783,128.75387843347835,0.0,11245.680476677433,9.98,0.7,0.0,0.0,5.0,6.6440199967473745,7.5654199928976595,5.0
2048,bandwidth_dropout_50pct,11116.926598243956,10787.538784334783,128.75387843347835,0.0,11245.680476677433,9.98,0.7,0.0,0.0,5.0,7.388539996463805,8.080539968796074,5.0
2049,clean,10746.226605619646,10582.104515799485,108.2104515799485,0.0,10854.437057199595,12.12,0.62,0.0,0.0,5.0,8.509099995717406,10.547020006924868,5.0
2049,price_noise_low,10744.319570843825,10574.534904033095,107.45349040330949,0.0,10851.773061247135,12.32,0.62,0.0,0.0,5.0,8.461679995525628,9.923580021131784,5.0
2049,price_noise_high,10807.515780882699,10558.792329945263,105.87923299452632,0.0,10913.395013877225,12.94,0.62,0.0,0.0,5.0,6.86423999723047,7.57848002249375,5.0
2049,cef_noise_high,10747.11315718824,10576.40674748864,107.64067474886397,0.0,10854.753831937103,12.16,0.62,0.0,0.0,5.0,6.954760011285543,7.931480021215975,5.0
2049,bandwidth_dropout_20pct,10752.49618562223,10579.158104234433,107.91581042344333,0.0,10860.411996045674,12.18,0.62,0.0,0.0,5.0,6.722400011494756,7.732959999702871,5.0
2049,bandwidth_dropout_50pct,10752.49618562223,10579.158104234433,107.91581042344333,0.0,10860.411996045674,12.18,0.62,0.0,0.0,5.0,6.336999998893589,6.644940003752708,5.0
