episode,update,scenario_id,electricity_cost,carbon_emissions_kg,carbon_trading_cost,carbon_trading_revenue,system_cost,mean_start_delay_slots,remote_subtask_fraction,fallback_actions,capacity_violations,decision_epochs
0,0,train_0511,12365.04593062155,10195.480019012062,69.54800190120623,0.0,12434.593932522757,15.16,0.6,0.0,0.0,5.0
1,0,train_0107,12678.622646357646,10366.867956002752,86.68679560027522,0.0,12765.309441957921,16.4,0.62,0.0,0.0,5.0
2,0,train_0015,12399.216724677064,10258.554655134607,75.8554655134607,0.0,12475.072190190525,15.34,0.76,0.0,0.0,5.0
3,0,train_0383,12055.572998900254,10097.946418864925,59.79464188649254,0.0,12115.367640786746,16.48,0.78,0.0,0.0,5.0
4,0,train_0219,12303.248827401225,10505.38000970172,100.53800097017194,0.0,12403.786828371396,16.98,0.72,0.0,0.0,5.0
5,0,train_0280,12651.283608646661,10316.749549378017,81.67495493780172,0.0,12732.958563584463,16.68,0.66,0.0,0.0,5.0
6,0,train_0047,12354.693583549875,10080.941435813707,58.09414358137074,0.0,12412.787727131246,14.74,0.7,0.0,0.0,5.0
7,0,train_0222,12673.302247628999,10374.51194987372,87.45119498737205,0.0,12760.753442616371,17.52,0.6,0.0,0.0,5.0
8,0,train_0386,12427.21338652777,10450.029695793466,95.00296957934661,0.0,12522.216356107117,13.56,0.58,0.0,0.0,5.0
9,0,train_0212,12135.471156914784,10324.099859145928,82.40998591459284,0.0,12217.881142829377,15.08,0.56,0.0,0.0,5.0
10,0,train_0498,12300.435626842785,10573.845692066556,107.38456920665558,0.0,12407.82019604944,14.92,0.58,0.0,0.0,5.0
11,0,train_0474,12404.6081832738,10760.106404427788,126.01064044277882,0.0,12530.618823716579,15.06,0.52,0.0,0.0,5.0
12,0,train_0422,12460.560060703974,10687.804761733938,118.78047617339381,0.0,12579.340536877367,15.14,0.54,0.0,0.0,5.0
13,0,train_0543,12648.065670971962,10637.286972921767,113.72869729217673,0.0,12761.79436826414,16.2,0.5,0.0,0.0,5.0
14,0,train_0432,12369.681423453483,10271.734577267971,77.1734577267971,0.0,12446.85488118028,15.4,0.82,0.0,0.0,5.0
15,0,train_0106,12634.16852500708,10787.47726265248,128.7477262652479,0.0,12762.916251272329,18.04,0.52,0.0,0.0,5.0
16,0,train_0515,12029.031422250708,10541.53205902404,104.15320590240408,0.0,12133.184628153112,17.46,0.62,0.0,0.0,5.0
17,0,train_0391,12281.899954382543,10380.953841073639,88.09538410736387,0.0,12369.995338489907,15.36,0.7,0.0,0.0,5.0
18,0,train_0059,12484.806904328514,10683.85623111252,118.38562311125207,0.0,12603.192527439765,14.6,0.7,0.0,0.0,5.0
19,0,train_0178,12224.804638355004,10184.204792925231,68.42047929252313,0.0,12293.225117647527,15.78,0.58,0.0,0.0,5.0
20,0,train_0099,12158.218815035281,9968.20549076097,46.82054907609709,0.0,12205.039364111379,16.84,0.52,0.0,0.0,5.0
21,0,train_0580,12849.396202332495,10584.32805980145,108.43280598014499,0.0,12957.82900831264,16.1,0.66,0.0,0.0,5.0
22,0,train_0436,12427.789288634565,10586.78755812954,108.67875581295394,0.0,12536.46804444752,16.62,0.8,0.0,0.0,5.0
23,0,train_0551,12059.413095800319,10160.930315288177,66.09303152881766,0.0,12125.506127329136,14.96,0.62,0.0,0.0,5.0
24,0,train_0169,12082.59958005872,10202.135940736542,70.21359407365416,0.0,12152.813174132374,15.96,0.64,0.0,0.0,5.0
25,0,train_0381,12037.432963427571,10251.973389135044,75.19733891350442,0.0,12112.630302341075,15.52,0.64,0.0,0.0,5.0
26,0,train_0362,12106.13962174869,10256.924517395515,75.69245173955152,0.0,12181.832073488242,15.78,0.66,0.0,0.0,5.0
27,0,train_0451,12885.792911882687,10424.216200054365,92.4216200054365,0.0,12978.214531888123,17.48,0.74,0.0,0.0,5.0
28,0,train_0070,11781.172322616832,10096.45471046647,59.645471046647074,0.0,11840.81779366348,14.86,0.54,0.0,0.0,5.0
29,0,train_0309,12390.343968546007,10439.716303943986,93.97163039439857,0.0,12484.315598940406,14.44,0.66,0.0,0.0,5.0
30,0,train_0386,12388.876761070347,10326.29636820436,82.62963682043592,0.0,12471.506397890784,15.1,0.62,0.0,0.0,5.0
31,0,train_0495,12069.658884074812,10619.687985594277,111.96879855942771,0.0,12181.62768263424,19.12,0.82,0.0,0.0,5.0
32,0,train_0393,12195.160680697945,10608.190627609638,110.81906276096379,0.0,12305.979743458909,13.52,0.54,0.0,0.0,5.0
33,0,train_0269,11904.085872218377,9822.672243333673,32.26722433336727,0.0,11936.353096551744,14.62,0.56,0.0,0.0,5.0
34,0,train_0276,12086.314598332332,10330.819922444978,83.08199224449783,0.0,12169.39659057683,13.42,0.72,0.0,0.0,5.0
35,0,train_0203,12688.793426520984,10869.30296576551,136.93029657655097,0.0,12825.723723097535,14.56,0.56,0.0,0.0,5.0
36,0,train_0094,11951.986650949435,9912.706329386569,41.27063293865686,0.0,11993.257283888091,18.14,0.58,0.0,0.0,5.0
37,0,train_0166,12192.770483783195,10296.87301188532,79.687301188532,0.0,12272.457784971728,14.64,0.64,0.0,0.0,5.0
38,0,train_0087,12548.711739591716,10731.319079411722,123.13190794117219,0.0,12671.843647532887,15.6,0.62,0.0,0.0,5.0
39,0,train_0135,12409.085839197267,10484.849208089056,98.48492080890556,0.0,12507.570760006172,16.44,0.62,0.0,0.0,5.0
40,0,train_0512,12503.674275541915,10173.911061701132,67.3911061701132,0.0,12571.065381712027,15.66,0.6,0.0,0.0,5.0
41,0,train_0315,12855.858803321671,10466.706546666715,96.67065466667155,0.0,12952.529457988343,17.3,0.76,0.0,0.0,5.0
42,0,train_0054,12515.677725906895,10210.441982761724,71.0441982761724,0.0,12586.721924183068,16.54,0.68,0.0,0.0,5.0
43,0,train_0258,12609.327254271411,11033.513645335292,153.35136453352916,0.0,12762.678618804941,15.26,0.62,0.0,0.0,5.0
44,0,train_0162,11757.824536290784,9948.072096121408,44.80720961214084,0.0,11802.631745902925,16.62,0.6,0.0,0.0,5.0
45,0,train_0397,12072.348763247057,10496.33391359218,99.63339135921797,0.0,12171.982154606274,15.88,0.66,0.0,0.0,5.0
46,0,train_0498,12450.334174812546,10778.607517481283,127.86075174812832,0.0,12578.194926560675,16.08,0.66,0.0,0.0,5.0
47,0,train_0007,13240.379406333013,11367.76820408411,186.77682040841103,0.0,13427.156226741425,15.54,0.56,0.0,0.0,5.0
48,0,train_0279,12175.86672674672,10349.024794205401,84.90247942054012,0.0,12260.76920616726,17.58,0.68,0.0,0.0,5.0
49,0,train_0268,12316.615156628959,10737.397186883387,123.7397186883387,0.0,12440.354875317298,15.78,0.7,0.0,0.0,5.0
50,0,train_0594,12291.1901932178,9959.241992307396,45.92419923073958,0.0,12337.11439244854,18.02,0.68,0.0,0.0,5.0
51,0,train_0219,12540.387408839359,10504.193926264532,100.4193926264532,0.0,12640.806801465811,15.9,0.62,0.0,0.0,5.0
52,0,train_0099,11675.95552201006,10291.866840662055,79.18668406620546,0.0,11755.142206076265,18.74,0.62,0.0,0.0,5.0
53,0,train_0117,12178.2873035983,9905.69293587606,40.56929358760608,0.0,12218.856597185906,15.82,0.68,0.0,0.0,5.0
54,0,train_0286,12796.149022626949,10855.838020695497,135.5838020695497,0.0,12931.732824696499,15.6,0.64,0.0,0.0,5.0
55,0,train_0356,12793.623227361466,10218.08309593986,71.8083095939861,0.0,12865.431536955452,16.08,0.62,0.0,0.0,5.0
56,0,train_0195,12703.66593805734,10837.235418476444,133.72354184764444,0.0,12837.389479904985,19.22,0.62,0.0,0.0,5.0
57,0,train_0261,12336.606742947351,10574.481823751994,107.4481823751994,0.0,12444.05492532255,16.32,0.84,0.0,0.0,5.0
58,0,train_0397,11837.27315305468,10548.586124304029,104.8586124304029,0.0,11942.131765485083,15.02,0.68,0.0,0.0,5.0
59,0,train_0179,12346.546285071792,10353.250914908216,85.32509149082162,0.0,12431.871376562614,14.5,0.6,0.0,0.0,5.0
60,0,train_0578,12270.824209488572,10201.638629001509,70.16386290015089,0.0,12340.988072388722,19.48,0.58,0.0,0.0,5.0
61,0,train_0125,11758.96056814225,10361.067208639222,86.10672086392225,0.0,11845.067289006172,16.76,0.54,0.0,0.0,5.0
62,0,train_0561,12380.098874963314,10808.671458860683,130.8671458860683,0.0,12510.966020849382,14.8,0.6,0.0,0.0,5.0
63,0,train_0524,11942.681175502392,10305.568782913953,80.55687829139534,0.0,12023.238053793788,17.44,0.6,0.0,0.0,5.0
64,0,train_0574,12472.094986282726,10580.230245629358,108.02302456293583,0.0,12580.118010845661,14.04,0.72,0.0,0.0,5.0
65,0,train_0478,12460.823509739865,10316.970161982663,81.69701619826628,0.0,12542.520525938131,16.32,0.58,0.0,0.0,5.0
66,0,train_0317,12470.324014878077,10225.475354691347,72.54753546913471,0.0,12542.871550347212,14.06,0.6,0.0,0.0,5.0
67,0,train_0364,12580.498374327679,10416.531328304964,91.65313283049636,0.0,12672.151507158174,18.36,0.58,0.0,0.0,5.0
68,0,train_0124,12320.641766389661,10955.338458020422,145.5338458020422,0.0,12466.175612191702,17.4,0.74,0.0,0.0,5.0
69,0,train_0207,11658.616628761321,10269.921000500566,76.99210005005662,0.0,11735.608728811378,13.8,0.68,0.0,0.0,5.0
70,0,train_0277,12211.21389994381,10362.140360812095,86.21403608120946,0.0,12297.42793602502,15.46,0.68,0.0,0.0,5.0
71,0,train_0568,12788.65745965816,10879.654943893154,137.96549438931544,0.0,12926.622954047474,17.44,0.54,0.0,0.0,5.0
72,0,train_0476,12271.942994318739,10499.107600607482,99.91076006074819,0.0,12371.853754379486,18.52,0.64,0.0,0.0,5.0
73,0,train_0338,12298.063576610584,10606.119000530187,110.6119000530187,0.0,12408.675476663602,15.46,0.64,0.0,0.0,5.0
74,0,train_0357,12148.811409214773,10084.410267703515,58.44102677035153,0.0,12207.252435985125,15.68,0.72,0.0,0.0,5.0
75,0,train_0259,12460.925404264151,10722.489904942315,122.24899049423148,0.0,12583.174394758384,15.3,0.66,0.0,0.0,5.0
76,0,train_0251,12375.758943693934,10421.454499174559,92.14544991745589,0.0,12467.90439361139,13.9,0.66,0.0,0.0,5.0
77,0,train_0540,12429.36725052563,10561.108372409633,106.11083724096335,0.0,12535.478087766594,15.48,0.62,0.0,0.0,5.0
78,0,train_0002,12600.580509550913,10029.325999656201,52.932599965620106,0.0,12653.513109516532,13.84,0.66,0.0,0.0,5.0
79,0,train_0191,12380.304624389679,10699.382547242869,119.93825472428689,0.0,12500.242879113966,15.14,0.6,0.0,0.0,5.0
80,0,train_0245,12292.515268781855,10011.462544297854,51.14625442978541,0.0,12343.66152321164,15.78,0.58,0.0,0.0,5.0
81,0,train_0417,12166.134429388705,10207.929290541064,70.7929290541064,0.0,12236.927358442812,15.26,0.64,0.0,0.0,5.0
82,0,train_0247,12365.832966065303,10794.195051980389,129.41950519803888,0.0,12495.252471263342,16.26,0.6,0.0,0.0,5.0
83,0,train_0188,12653.24992328398,10440.069727533119,94.00697275331186,0.0,12747.256896037292,15.42,0.56,0.0,0.0,5.0
84,0,train_0047,12325.139638208677,10093.197576388018,59.319757638801825,0.0,12384.459395847478,14.2,0.66,0.0,0.0,5.0
85,0,train_0156,12405.918366333026,10428.77932239751,92.87793223975096,0.0,12498.796298572777,17.24,0.58,0.0,0.0,5.0
86,0,train_0063,12334.851035668538,10898.573587279727,139.8573587279727,0.0,12474.708394396512,16.18,0.62,0.0,0.0,5.0
87,0,train_0420,12464.65747255321,10415.946808165678,91.59468081656779,0.0,12556.252153369778,15.34,0.6,0.0,0.0,5.0
88,0,train_0256,12605.92222419553,10433.387701981817,93.33877019818175,0.0,12699.260994393711,16.06,0.68,0.0,0.0,5.0
89,0,train_0136,12227.94868657885,10488.991854979073,98.89918549790728,0.0,12326.847872076756,17.86,0.7,0.0,0.0,5.0
90,0,train_0324,12366.125631403604,10247.806624073382,74.78066240733824,0.0,12440.906293810942,14.28,0.64,0.0,0.0,5.0
91,0,train_0295,12460.079986410303,10087.253644340624,58.725364434062435,0.0,12518.805350844365,16.72,0.58,0.0,0.0,5.0
92,0,train_0283,12502.696140567015,10360.856805437776,86.08568054377757,0.0,12588.781821110793,15.9,0.7,0.0,0.0,5.0
93,0,train_0348,12733.794350051865,10404.097811289586,90.40978112895864,0.0,12824.204131180824,16.74,0.72,0.0,0.0,5.0
94,0,train_0375,12492.04682874039,10543.462607266425,104.34626072664251,0.0,12596.393089467032,15.36,0.64,0.0,0.0,5.0
95,0,train_0113,12184.831895722036,10321.9931563804,82.19931563804003,0.0,12267.031211360076,16.46,0.72,0.0,0.0,5.0
96,0,train_0093,12041.509289950423,10066.835934294697,56.683593429469695,0.0,12098.192883379894,18.54,0.68,0.0,0.0,5.0
97,0,train_0438,12311.175164834653,10226.913942190213,72.69139421902128,0.0,12383.866559053673,16.4,0.62,0.0,0.0,5.0
98,0,train_0583,12240.690794372633,10419.027080106976,91.90270801069765,0.0,12332.59350238333,16.04,0.56,0.0,0.0,5.0
99,0,train_0329,12378.08413875695,10338.995625166062,83.89956251660624,0.0,12461.983701273557,16.9,0.68,0.0,0.0,5.0
100,0,train_0270,12404.856377150338,10449.467519983353,94.94675199833529,0.0,12499.803129148673,16.56,0.7,0.0,0.0,5.0
101,0,train_0372,12609.750496527962,10700.870220294582,120.08702202945824,0.0,12729.83751855742,16.84,0.7,0.0,0.0,5.0
102,0,train_0020,12791.235961829989,10701.46184015856,120.14618401585595,0.0,12911.382145845844,15.56,0.56,0.0,0.0,5.0
103,0,train_0223,12259.975388261882,10439.271038140774,93.92710381407743,0.0,12353.90249207596,14.62,0.56,0.0,0.0,5.0
104,0,train_0215,12416.595842003107,10719.073081803184,121.90730818031844,0.0,12538.503150183426,16.54,0.68,0.0,0.0,5.0
105,0,train_0252,12087.940379818456,10390.318438535445,89.03184385354453,0.0,12176.972223672,14.46,0.7,0.0,0.0,5.0
106,0,train_0446,11991.711326273202,10330.50739321192,83.05073932119194,0.0,12074.762065594394,16.6,0.68,0.0,0.0,5.0
107,0,train_0296,12646.345613921943,10387.764738001068,88.77647380010677,0.0,12735.12208772205,15.96,0.68,0.0,0.0,5.0
108,0,train_0513,12301.101154710086,10290.695882083226,79.06958820832261,0.0,12380.170742918408,15.78,0.62,0.0,0.0,5.0
109,0,train_0281,12747.425251661061,10611.703280676573,111.1703280676573,0.0,12858.595579728719,16.1,0.7,0.0,0.0,5.0
110,0,train_0020,12762.81708904805,10859.97101768334,135.99710176833398,0.0,12898.814190816385,13.46,0.64,0.0,0.0,5.0
111,0,train_0405,12771.302692022447,10828.0713650558,132.8071365055799,0.0,12904.109828528028,15.76,0.6,0.0,0.0,5.0
112,0,train_0478,12324.838728358887,10603.883444402378,110.38834444023779,0.0,12435.227072799125,16.64,0.66,0.0,0.0,5.0
113,0,train_0346,12650.851533830457,10733.309374629354,123.33093746293544,0.0,12774.182471293392,15.98,0.62,0.0,0.0,5.0
114,0,train_0562,12144.336330196618,10814.049818415278,131.40498184152784,0.0,12275.741312038146,14.18,0.58,0.0,0.0,5.0
115,0,train_0249,12400.345150824947,10639.656123211722,113.9656123211722,0.0,12514.310763146119,16.0,0.52,0.0,0.0,5.0
116,0,train_0478,12637.778022605764,10253.104383648773,75.31043836487734,0.0,12713.08846097064,16.34,0.68,0.0,0.0,5.0
117,0,train_0001,12343.678341285384,10027.656328663958,52.765632866395755,0.0,12396.44397415178,13.58,0.6,0.0,0.0,5.0
118,0,train_0023,12331.970714804738,9918.659562461924,41.865956246192404,0.0,12373.83667105093,15.7,0.68,0.0,0.0,5.0
119,0,train_0476,12209.038725194252,10531.996420297079,103.19964202970787,0.0,12312.23836722396,18.84,0.64,0.0,0.0,5.0
120,0,train_0524,11911.13898500173,9967.464373533478,46.74643735334776,0.0,11957.885422355077,17.02,0.66,0.0,0.0,5.0
121,0,train_0311,12560.103200884909,10657.303205563,115.73032055629993,0.0,12675.833521441209,15.86,0.68,0.0,0.0,5.0
122,0,train_0451,12352.451098268957,10865.01079302109,136.50107930210908,0.0,12488.952177571065,16.46,0.56,0.0,0.0,5.0
123,0,train_0195,12685.259432926887,10780.253817553368,128.02538175533684,0.0,12813.284814682223,18.44,0.72,0.0,0.0,5.0
124,0,train_0436,12732.720236493464,10624.454567147794,112.44545671477937,0.0,12845.165693208242,16.4,0.6,0.0,0.0,5.0
125,0,train_0299,12306.915609456773,10340.84535719073,84.08453571907303,0.0,12391.000145175847,14.06,0.64,0.0,0.0,5.0
126,0,train_0182,12646.135982132007,10956.224405408637,145.6224405408637,0.0,12791.75842267287,16.46,0.66,0.0,0.0,5.0
127,0,train_0056,11892.440214252363,10200.833556546486,70.08335565464859,0.0,11962.52356990701,17.06,0.68,0.0,0.0,5.0
128,0,train_0104,12308.739905785227,10434.03195005868,93.40319500586793,0.0,12402.143100791094,17.06,0.6,0.0,0.0,5.0
129,0,train_0542,12026.338979964316,10482.451720997948,98.24517209979477,0.0,12124.58415206411,14.96,0.68,0.0,0.0,5.0
130,0,train_0266,12615.7335069306,10507.636338423563,100.76363384235628,0.0,12716.497140772955,15.98,0.66,0.0,0.0,5.0
131,0,train_0593,12162.831949817848,10533.937576636697,103.39375766366976,0.0,12266.225707481517,14.08,0.66,0.0,0.0,5.0
132,0,train_0211,12326.88177761326,10574.079762178424,107.40797621784242,0.0,12434.289753831103,17.28,0.7,0.0,0.0,5.0
133,0,train_0035,12870.937899748626,10845.428802365115,134.54288023651154,0.0,13005.480779985137,17.8,0.6,0.0,0.0,5.0
134,0,train_0153,12133.258675267942,10517.870671771569,101.78706717715687,0.0,12235.045742445098,17.98,0.56,0.0,0.0,5.0
135,0,train_0214,12221.944924004005,10083.896842242564,58.38968422425642,0.0,12280.33460822826,16.02,0.62,0.0,0.0,5.0
136,0,train_0420,12261.33954085815,10468.475097935385,96.84750979353849,0.0,12358.187050651688,15.56,0.8,0.0,0.0,5.0
137,0,train_0438,11961.670384557317,10688.40437452804,118.84043745280397,0.0,12080.510822010121,17.48,0.66,0.0,0.0,5.0
138,0,train_0442,12669.65990431113,10746.460849112356,124.64608491123563,0.0,12794.305989222365,14.84,0.68,0.0,0.0,5.0
139,0,train_0188,12422.205530784764,10540.545964793075,104.05459647930748,0.0,12526.260127264071,15.22,0.74,0.0,0.0,5.0
140,0,train_0228,12489.59301473103,10138.589599327799,63.85895993277991,0.0,12553.45197466381,14.48,0.68,0.0,0.0,5.0
141,0,train_0340,12538.922656581217,10087.478241631663,58.7478241631663,0.0,12597.670480744384,16.62,0.58,0.0,0.0,5.0
142,0,train_0363,12613.569184111791,10413.583735471891,91.35837354718916,0.0,12704.92755765898,15.48,0.6,0.0,0.0,5.0
143,0,train_0249,12237.385717787445,10755.403189265138,125.54031892651383,0.0,12362.92603671396,16.8,0.52,0.0,0.0,5.0
144,0,train_0114,12408.318665924055,10406.754579888042,90.6754579888042,0.0,12498.994123912858,16.1,0.66,0.0,0.0,5.0
145,0,train_0464,12389.16886032627,10457.641674996486,95.76416749964865,0.0,12484.933027825919,15.86,0.6,0.0,0.0,5.0
146,0,train_0312,11977.150375506837,10321.864347263796,82.1864347263796,0.0,12059.336810233217,15.8,0.7,0.0,0.0,5.0
147,0,train_0575,12914.555196248553,10473.112922416663,97.31129224166635,0.0,13011.86648849022,17.0,0.62,0.0,0.0,5.0
148,0,train_0567,13196.454516975904,10862.330600878595,136.23306008785949,0.0,13332.687577063763,16.92,0.58,0.0,0.0,5.0
149,0,train_0533,12221.709981815868,10015.238538520905,51.52385385209055,0.0,12273.233835667957,17.16,0.7,0.0,0.0,5.0
150,0,train_0576,12402.681155281018,10054.305351097739,55.430535109773885,0.0,12458.111690390791,14.22,0.6,0.0,0.0,5.0
151,0,train_0372,12640.027904059758,10610.247316791,111.02473167909994,0.0,12751.052635738857,16.86,0.66,0.0,0.0,5.0
152,0,train_0178,12427.312623525322,10260.55616165338,76.05561616533797,0.0,12503.36823969066,14.36,0.76,0.0,0.0,5.0
153,0,train_0096,12735.790739189315,10326.359307560126,82.63593075601257,0.0,12818.426669945327,16.14,0.66,0.0,0.0,5.0
154,0,train_0063,12594.246972547846,10613.556730859831,111.35567308598311,0.0,12705.60264563383,15.58,0.48,0.0,0.0,5.0
155,0,train_0568,12754.82749339271,10587.83231124069,108.78323112406906,0.0,12863.610724516779,17.18,0.7,0.0,0.0,5.0
156,0,train_0162,11799.42433462429,10029.514746041856,52.95147460418557,0.0,11852.375809228475,16.64,0.6,0.0,0.0,5.0
157,0,train_0014,12326.88347809959,10613.224226773571,111.32242267735711,0.0,12438.205900776946,18.06,0.6,0.0,0.0,5.0
158,0,train_0022,12410.076044859648,10616.991935525493,111.69919355254933,0.0,12521.775238412198,17.12,0.58,0.0,0.0,5.0
159,0,train_0178,12213.343362543888,10297.010060712111,79.70100607121113,0.0,12293.0443686151,13.92,0.66,0.0,0.0,5.0
160,0,train_0587,12385.08888734957,10216.907099792897,71.69070997928975,0.0,12456.77959732886,16.8,0.6,0.0,0.0,5.0
161,0,train_0168,12431.739108588608,10899.19515783317,139.919515783317,0.0,12571.658624371925,15.68,0.72,0.0,0.0,5.0
162,0,train_0061,12228.494414482406,10675.83781411188,117.58378141118793,0.0,12346.078195893593,16.74,0.5,0.0,0.0,5.0
163,0,train_0403,12794.510669875777,10717.221875434458,121.72218754344577,0.0,12916.232857419223,13.74,0.7,0.0,0.0,5.0
164,0,train_0035,12930.336919586513,11082.00420846363,158.200420846363,0.0,13088.537340432875,16.88,0.7,0.0,0.0,5.0
165,0,train_0292,12484.974062354471,10401.8377171283,90.18377171282992,0.0,12575.1578340673,16.76,0.56,0.0,0.0,5.0
166,0,train_0051,12692.431725757462,10305.877239638041,80.5877239638041,0.0,12773.019449721267,16.28,0.66,0.0,0.0,5.0
167,0,train_0055,12639.690425436762,10372.759553600501,87.2759553600501,0.0,12726.966380796812,14.88,0.66,0.0,0.0,5.0
168,0,train_0216,12164.462814912436,10100.298218435291,60.029821843529135,0.0,12224.492636755966,18.9,0.76,0.0,0.0,5.0
169,0,train_0007,13025.022653717831,10995.495854277779,149.54958542777786,0.0,13174.57223914561,14.78,0.68,0.0,0.0,5.0
170,0,train_0510,12959.915557033273,10540.602950350996,104.06029503509963,0.0,13063.975852068374,16.74,0.66,0.0,0.0,5.0
171,0,train_0362,12100.116249978317,10337.176243609681,83.71762436096816,0.0,12183.833874339285,16.56,0.6,0.0,0.0,5.0
172,0,train_0560,12203.265831915225,10593.30931887147,109.33093188714702,0.0,12312.596763802372,17.56,0.64,0.0,0.0,5.0
173,0,train_0294,12171.850235954105,10329.585462730742,82.95854627307418,0.0,12254.80878222718,14.7,0.6,0.0,0.0,5.0
174,0,train_0333,12560.866591978356,10779.156617596456,127.91566175964563,0.0,12688.782253738002,15.32,0.74,0.0,0.0,5.0
175,0,train_0360,12397.98528265121,10076.779295603828,57.677929560382836,0.0,12455.663212211593,15.06,0.64,0.0,0.0,5.0
176,0,train_0279,12457.144285478777,10536.328365917758,103.63283659177578,0.0,12560.777122070553,15.74,0.7,0.0,0.0,5.0
177,0,train_0338,12503.2969180408,10404.433141340545,90.44331413405453,0.0,12593.740232174854,15.92,0.66,0.0,0.0,5.0
178,0,train_0343,13070.146788170248,10740.095696918863,124.00956969188628,0.0,13194.156357862135,17.04,0.62,0.0,0.0,5.0
179,0,train_0534,12108.59963833578,10453.346917868072,95.33469178680717,0.0,12203.934330122587,15.98,0.74,0.0,0.0,5.0
180,0,train_0182,12833.967492815309,10550.50590319532,105.05059031953206,0.0,12939.01808313484,14.78,0.64,0.0,0.0,5.0
181,0,train_0551,12056.769931615134,10217.091354609169,71.70913546091688,0.0,12128.47906707605,16.0,0.7,0.0,0.0,5.0
182,0,train_0103,12164.479532890757,10347.892339320675,84.78923393206752,0.0,12249.268766822825,16.24,0.76,0.0,0.0,5.0
183,0,train_0112,12491.982642320228,10397.546601272028,89.75466012720281,0.0,12581.737302447431,15.92,0.72,0.0,0.0,5.0
184,0,train_0153,12195.921553605538,10513.14493036078,101.31449303607806,0.0,12297.236046641616,16.84,0.58,0.0,0.0,5.0
185,0,train_0565,12706.939878957033,10598.346017430524,109.83460174305237,0.0,12816.774480700085,15.9,0.6,0.0,0.0,5.0
186,0,train_0146,12212.570591390286,10340.010207926714,84.00102079267145,0.0,12296.571612182957,15.02,0.74,0.0,0.0,5.0
187,0,train_0472,12579.33136155991,10305.03507406591,80.50350740659105,0.0,12659.834868966502,16.52,0.7,0.0,0.0,5.0
188,0,train_0349,12134.889215267382,10196.688282441712,69.66882824417117,0.0,12204.558043511553,16.84,0.58,0.0,0.0,5.0
189,0,train_0383,12125.030661742003,10199.128436460433,69.91284364604326,0.0,12194.943505388046,15.72,0.56,0.0,0.0,5.0
190,0,train_0046,12134.523338392217,10229.56762011838,72.95676201183797,0.0,12207.480100404055,16.64,0.64,0.0,0.0,5.0
191,0,train_0395,12115.166807082212,10433.760965872898,93.3760965872898,0.0,12208.542903669502,15.66,0.62,0.0,0.0,5.0
192,1,train_0041,12305.388602028683,10381.585332187933,88.15853321879331,0.0,12393.547135247476,14.0,0.68,0.0,0.0,5.0
193,1,train_0327,12786.387661445395,10259.201026519082,75.92010265190821,0.0,12862.307764097302,16.54,0.62,0.0,0.0,5.0
194,1,train_0472,12589.09128691374,10995.309566088688,149.53095660886885,0.0,12738.622243522608,15.98,0.64,0.0,0.0,5.0
195,1,train_0550,12369.383299475498,10285.842643052829,78.58426430528289,0.0,12447.967563780781,17.32,0.64,0.0,0.0,5.0
196,1,train_0593,12523.932724886787,9985.199752984332,48.5199752984332,0.0,12572.45270018522,13.86,0.82,0.0,0.0,5.0
197,1,train_0139,12391.181002460005,10090.12789870234,59.01278987023397,0.0,12450.19379233024,14.44,0.72,0.0,0.0,5.0
198,1,train_0460,12853.839062973331,10047.355893052138,54.735589305213765,0.0,12908.574652278545,15.28,0.64,0.0,0.0,5.0
199,1,train_0359,12294.626083791572,10673.621655376319,117.36216553763188,0.0,12411.988249329204,15.24,0.72,0.0,0.0,5.0
200,1,train_0440,12756.310723077366,10802.847950861877,130.28479508618767,0.0,12886.595518163553,15.92,0.72,0.0,0.0,5.0
201,1,train_0488,12307.77381965682,10637.833984423058,113.78339844230578,0.0,12421.557218099126,14.46,0.46,0.0,0.0,5.0
202,1,train_0284,12191.40625724371,10748.890036626763,124.88900366267626,0.0,12316.295260906387,15.32,0.44,0.0,0.0,5.0
203,1,train_0080,12568.903642360532,10589.01637269737,108.90163726973697,0.0,12677.805279630269,16.28,0.66,0.0,0.0,5.0
204,1,train_0473,12135.218553918188,10356.897437468428,85.68974374684277,0.0,12220.908297665032,18.18,0.6,0.0,0.0,5.0
205,1,train_0369,12206.344027321276,10437.36082921095,93.73608292109493,0.0,12300.080110242372,14.92,0.64,0.0,0.0,5.0
206,1,train_0080,12713.995500011868,10736.091368264031,123.60913682640313,0.0,12837.60463683827,13.76,0.66,0.0,0.0,5.0
207,1,train_0241,12321.66254966386,10212.97605401919,71.29760540191891,0.0,12392.960155065779,15.38,0.58,0.0,0.0,5.0
208,1,train_0087,12391.484224064854,11263.3565962832,176.33565962832,0.0,12567.819883693173,15.74,0.56,0.0,0.0,5.0
209,1,train_0459,12390.01178968901,10628.905863899783,112.89058638997831,0.0,12502.902376078988,16.56,0.78,0.0,0.0,5.0
210,1,train_0200,12500.377478617385,10342.481825830346,84.24818258303458,0.0,12584.62566120042,16.7,0.7,0.0,0.0,5.0
211,1,train_0040,12599.861124190262,10684.93059306118,118.49305930611808,0.0,12718.35418349638,17.34,0.7,0.0,0.0,5.0
212,1,train_0170,11988.595422837263,10324.038582804618,82.40385828046183,0.0,12070.999281117725,17.04,0.66,0.0,0.0,5.0
213,1,train_0364,12171.698785507135,10772.73719509894,127.27371950989401,0.0,12298.97250501703,18.82,0.68,0.0,0.0,5.0
214,1,train_0354,12007.76037502009,10156.095171350262,65.60951713502618,0.0,12073.369892155117,16.26,0.66,0.0,0.0,5.0
215,1,train_0514,12091.89465674007,10688.641438204553,118.86414382045533,0.0,12210.758800560527,14.4,0.52,0.0,0.0,5.0
216,1,train_0216,12169.902780366117,10481.274505395826,98.12745053958261,0.0,12268.0302309057,18.02,0.76,0.0,0.0,5.0
217,1,train_0377,11942.618672131455,10865.27028323818,136.52702832381803,0.0,12079.145700455274,18.08,0.62,0.0,0.0,5.0
218,1,train_0566,12341.986465129146,10048.051470854807,54.80514708548071,0.0,12396.791612214627,13.46,0.72,0.0,0.0,5.0
219,1,train_0192,12629.835007311107,10343.486582439016,84.34865824390164,0.0,12714.183665555009,17.18,0.74,0.0,0.0,5.0
220,1,train_0018,12560.176264689428,10464.454118095233,96.44541180952329,0.0,12656.621676498951,16.38,0.72,0.0,0.0,5.0
221,1,train_0393,12352.541532721414,10452.763462149898,95.27634621498983,0.0,12447.817878936405,13.54,0.52,0.0,0.0,5.0
222,1,train_0360,12402.956929001139,10389.946342467649,88.99463424676487,0.0,12491.951563247903,15.7,0.7,0.0,0.0,5.0
223,1,train_0202,12458.950210999581,10575.821736824613,107.58217368246133,0.0,12566.532384682043,15.52,0.62,0.0,0.0,5.0
224,1,train_0337,11977.090321429223,10338.94612856696,83.89461285669604,0.0,12060.98493428592,18.04,0.6,0.0,0.0,5.0
225,1,train_0401,11998.702687205932,10067.7205319618,56.77205319618006,0.0,12055.474740402113,17.18,0.6,0.0,0.0,5.0
226,1,train_0490,12162.554821356865,10345.830402549418,84.5830402549418,0.0,12247.137861611807,13.94,0.76,0.0,0.0,5.0
227,1,train_0077,11969.215226388715,10421.8548721774,92.18548721774005,0.0,12061.400713606454,15.9,0.6,0.0,0.0,5.0
228,1,train_0282,12085.015892585412,10228.715346498462,72.87153464984623,0.0,12157.887427235259,16.18,0.7,0.0,0.0,5.0
229,1,train_0167,12330.388846683072,10239.308655425155,73.93086554251549,0.0,12404.319712225588,15.62,0.64,0.0,0.0,5.0
230,1,train_0200,12544.171343787722,10266.240346569517,76.62403465695171,0.0,12620.795378444674,16.64,0.72,0.0,0.0,5.0
231,1,train_0019,12412.544387439691,10687.47869963269,118.74786996326894,0.0,12531.29225740296,15.34,0.64,0.0,0.0,5.0
232,1,train_0253,11886.318156455196,10275.478147100694,77.54781471006936,0.0,11963.865971165265,17.48,0.7,0.0,0.0,5.0
233,1,train_0050,12366.513393220797,10292.30893433711,79.23089343371103,0.0,12445.744286654508,15.7,0.56,0.0,0.0,5.0
234,1,train_0555,12071.841355177763,10365.205568031572,86.52055680315716,0.0,12158.361911980921,17.14,0.6,0.0,0.0,5.0
235,1,train_0332,12132.744755731981,10094.47920726309,59.447920726308986,0.0,12192.19267645829,16.66,0.7,0.0,0.0,5.0
236,1,train_0252,12102.091693429651,10617.874391977497,111.7874391977497,0.0,12213.8791326274,15.06,0.72,0.0,0.0,5.0
237,1,train_0139,12111.925579924915,10434.5446327854,93.45446327854006,0.0,12205.380043203455,14.22,0.7,0.0,0.0,5.0
238,1,train_0563,12347.986442089137,10454.594619751364,95.4594619751364,0.0,12443.445904064274,15.78,0.66,0.0,0.0,5.0
239,1,train_0309,12588.591122154168,10240.025153839131,74.00251538391312,0.0,12662.59363753808,13.72,0.54,0.0,0.0,5.0
240,1,train_0591,12438.579689105645,10563.368209006703,106.33682090067032,0.0,12544.916510006315,16.16,0.7,0.0,0.0,5.0
241,1,train_0395,11918.122479934467,10388.020357978134,88.80203579781337,0.0,12006.92451573228,15.92,0.72,0.0,0.0,5.0
242,1,train_0596,12554.119408159135,10121.860362294825,62.18603622948249,0.0,12616.305444388618,15.06,0.72,0.0,0.0,5.0
243,1,train_0528,12326.306122341415,10593.678952225848,109.36789522258478,0.0,12435.674017564,15.9,0.76,0.0,0.0,5.0
244,1,train_0445,12796.523097656982,11114.733843203863,161.47338432038634,0.0,12957.996481977369,18.88,0.66,0.0,0.0,5.0
245,1,train_0213,12148.3295820603,10585.053847128194,108.50538471281943,0.0,12256.83496677312,16.6,0.62,0.0,0.0,5.0
246,1,train_0466,12585.295352845267,10450.800179857315,95.0800179857315,0.0,12680.375370831,18.12,0.62,0.0,0.0,5.0
247,1,train_0191,12568.586201587892,10556.798972053031,105.67989720530313,0.0,12674.266098793196,15.52,0.68,0.0,0.0,5.0
248,1,train_0515,12451.895599243553,10490.870047173932,99.08700471739321,0.0,12550.982603960947,15.8,0.72,0.0,0.0,5.0
249,1,train_0188,12396.198348408167,10663.432822903756,116.34328229037565,0.0,12512.541630698543,14.78,0.52,0.0,0.0,5.0
250,1,train_0046,12248.001759576358,9935.814547161992,43.58145471619919,0.0,12291.583214292557,18.06,0.76,0.0,0.0,5.0
251,1,train_0070,11896.872936068305,10195.014514084458,69.50145140844579,0.0,11966.37438747675,15.0,0.64,0.0,0.0,5.0
252,1,train_0272,12341.480792760347,10355.972109355958,85.59721093559584,0.0,12427.078003695942,15.78,0.7,0.0,0.0,5.0
253,1,train_0397,12280.074650665276,10208.236233479107,70.8236233479107,0.0,12350.898274013187,15.22,0.68,0.0,0.0,5.0
254,1,train_0173,12614.460664252396,10531.08219494559,103.10821949455895,0.0,12717.568883746955,17.64,0.74,0.0,0.0,5.0
255,1,train_0491,12213.900370324583,10503.773197397055,100.3773197397055,0.0,12314.27769006429,15.46,0.56,0.0,0.0,5.0
256,1,train_0153,12335.9945285365,10300.475192863098,80.04751928630976,0.0,12416.04204782281,16.02,0.6,0.0,0.0,5.0
257,1,train_0283,12415.574296167379,10537.93244813532,103.79324481353197,0.0,12519.367540980911,16.56,0.64,0.0,0.0,5.0
258,1,train_0201,12370.52116255043,10413.254651205603,91.32546512056034,0.0,12461.846627670991,17.34,0.66,0.0,0.0,5.0
259,1,train_0334,12505.228508715132,10410.049912278891,91.00499122788915,0.0,12596.23349994302,17.24,0.56,0.0,0.0,5.0
260,1,train_0113,12221.051957921114,10437.635013997176,93.76350139971765,0.0,12314.815459320831,17.38,0.56,0.0,0.0,5.0
261,1,train_0575,12880.732523845012,10678.327413770283,117.8327413770283,0.0,12998.56526522204,18.16,0.7,0.0,0.0,5.0
262,1,train_0555,12282.774175646322,10310.703252315472,81.07032523154722,0.0,12363.844500877869,15.92,0.72,0.0,0.0,5.0
263,1,train_0419,12479.128128998062,10456.199488513983,95.6199488513983,0.0,12574.74807784946,15.72,0.66,0.0,0.0,5.0
264,1,train_0318,12129.842401242573,10648.815835128982,114.88158351289822,0.0,12244.723984755472,15.8,0.68,0.0,0.0,5.0
265,1,train_0447,12268.03220559552,10436.109540535335,93.61095405353353,0.0,12361.643159649055,16.28,0.6,0.0,0.0,5.0
266,1,train_0281,12379.343463308764,10891.047005088845,139.10470050888452,0.0,12518.448163817648,15.52,0.72,0.0,0.0,5.0
267,1,train_0533,12094.308968665136,10211.549859957931,71.15498599579314,0.0,12165.463954660929,15.72,0.64,0.0,0.0,5.0
268,1,train_0039,12394.99217551048,10920.536096605656,142.0536096605656,0.0,12537.045785171045,16.36,0.68,0.0,0.0,5.0
269,1,train_0129,12978.869678080147,10583.500403186352,108.3500403186352,0.0,13087.219718398783,14.96,0.66,0.0,0.0,5.0
270,1,train_0273,12567.116622385192,10468.135223774243,96.8135223774243,0.0,12663.930144762617,16.94,0.68,0.0,0.0,5.0
271,1,train_0390,12575.547953862038,10639.071698813725,113.90716988137247,0.0,12689.455123743412,18.22,0.66,0.0,0.0,5.0
272,1,train_0424,12489.614490678816,11122.078883371392,162.20788833713925,0.0,12651.822379015955,17.8,0.68,0.0,0.0,5.0
273,1,train_0430,12170.537413477774,10538.609008983087,103.86090089830869,0.0,12274.398314376083,14.28,0.62,0.0,0.0,5.0
274,1,train_0564,12236.775597320624,10652.260304661162,115.22603046611621,0.0,12352.00162778674,16.84,0.72,0.0,0.0,5.0
275,1,train_0505,12479.091466189035,10378.758959024914,87.87589590249137,0.0,12566.967362091526,14.72,0.62,0.0,0.0,5.0
276,1,train_0549,12547.465338346461,10396.268278582946,89.62682785829458,0.0,12637.092166204755,18.4,0.76,0.0,0.0,5.0
277,1,train_0206,12858.582167826953,10410.900131112603,91.0900131112603,0.0,12949.672180938214,14.46,0.62,0.0,0.0,5.0
278,1,train_0417,12291.56362089278,10428.967488660219,92.89674886602188,0.0,12384.460369758803,15.48,0.66,0.0,0.0,5.0
279,1,train_0413,13080.281330264961,10302.972432059838,80.2972432059838,0.0,13160.578573470944,15.46,0.66,0.0,0.0,5.0
280,1,train_0362,11990.206882791343,10316.51318518943,81.65131851894294,0.0,12071.858201310286,15.52,0.62,0.0,0.0,5.0
281,1,train_0362,12217.81589770878,10103.416063951168,60.341606395116834,0.0,12278.157504103898,16.52,0.52,0.0,0.0,5.0
282,1,train_0315,12670.334143931137,10934.072658135494,143.4072658135494,0.0,12813.741409744687,15.42,0.68,0.0,0.0,5.0
283,1,train_0245,12077.254733713757,9985.958458137604,48.59584581376039,0.0,12125.850579527518,15.84,0.64,0.0,0.0,5.0
284,1,train_0082,12646.681282593096,10347.93059543809,84.79305954380908,0.0,12731.474342136904,16.34,0.58,0.0,0.0,5.0
285,1,train_0061,12507.738566106873,10170.247693496836,67.02476934968364,0.0,12574.763335456557,13.82,0.52,0.0,0.0,5.0
286,1,train_0001,12280.371210211804,10072.235883351259,57.223588335125896,0.0,12337.59479854693,12.62,0.66,0.0,0.0,5.0
287,1,train_0211,12324.195852179273,10904.833317480192,140.4833317480192,0.0,12464.679183927292,16.96,0.82,0.0,0.0,5.0
288,1,train_0223,12227.66716081178,10436.866387338014,93.68663873380137,0.0,12321.35379954558,16.2,0.66,0.0,0.0,5.0
289,1,train_0578,12319.919176825853,10424.65155489834,92.46515548983407,0.0,12412.384332315687,17.02,0.68,0.0,0.0,5.0
290,1,train_0145,12446.38127453807,10365.110132511432,86.51101325114324,0.0,12532.892287789213,14.5,0.64,0.0,0.0,5.0
291,1,train_0129,12990.097813598863,10515.351434486343,101.53514344863434,0.0,13091.632957047497,16.14,0.54,0.0,0.0,5.0
292,1,train_0026,12021.716441466044,10209.055580572534,70.90555805725344,0.0,12092.621999523297,15.22,0.52,0.0,0.0,5.0
293,1,train_0068,12539.011077130097,10484.058102217137,98.40581022171374,0.0,12637.41688735181,14.44,0.58,0.0,0.0,5.0
294,1,train_0394,12374.702242927426,10826.348790747772,132.63487907477722,0.0,12507.337122002204,15.68,0.62,0.0,0.0,5.0
295,1,train_0220,12519.881698928104,10329.357116095223,82.93571160952234,0.0,12602.817410537626,16.54,0.68,0.0,0.0,5.0
296,1,train_0371,12382.913058962047,10156.123205787551,65.61232057875513,0.0,12448.525379540803,15.58,0.68,0.0,0.0,5.0
297,1,train_0060,12321.405402204839,10695.974915761257,119.59749157612569,0.0,12441.002893780964,16.78,0.58,0.0,0.0,5.0
298,1,train_0457,12448.635761980517,10484.649993988267,98.4649993988267,0.0,12547.100761379343,16.0,0.62,0.0,0.0,5.0
299,1,train_0160,12498.519027306294,10298.659789935253,79.86597899352529,0.0,12578.385006299819,16.44,0.64,0.0,0.0,5.0
300,1,train_0035,12805.206083042904,10969.762695067613,146.97626950676133,0.0,12952.182352549666,17.76,0.66,0.0,0.0,5.0
301,1,train_0548,12660.615194711478,10309.68763137274,80.96876313727408,0.0,12741.583957848752,16.52,0.62,0.0,0.0,5.0
302,1,train_0215,12642.181845729523,10840.314543942804,134.03145439428044,0.0,12776.213300123803,15.48,0.56,0.0,0.0,5.0
303,1,train_0191,12444.579952047887,10430.665089143748,93.06650891437477,0.0,12537.646460962262,16.42,0.62,0.0,0.0,5.0
304,1,train_0028,12318.830926057148,10736.443583423283,123.64435834232827,0.0,12442.475284399476,17.9,0.7,0.0,0.0,5.0
305,1,train_0351,12804.48221035732,10519.738428686735,101.97384286867346,0.0,12906.456053225995,16.2,0.7,0.0,0.0,5.0
306,1,train_0167,12184.468625476,10303.517550598139,80.35175505981388,0.0,12264.820380535813,16.14,0.5,0.0,0.0,5.0
307,1,train_0143,12577.638015400637,10515.785373926028,101.57853739260281,0.0,12679.21655279324,15.14,0.64,0.0,0.0,5.0
308,1,train_0405,12693.842198143317,10578.22453066671,107.82245306667102,0.0,12801.664651209987,16.48,0.62,0.0,0.0,5.0
309,1,train_0400,12703.001946175458,11183.745348461645,168.37453484616455,0.0,12871.376481021623,16.56,0.62,0.0,0.0,5.0
310,1,train_0087,12765.64236199547,10363.608003692454,86.36080036924541,0.0,12852.003162364716,16.78,0.72,0.0,0.0,5.0
311,1,train_0076,12562.55493515693,10228.443894779903,72.84438947799026,0.0,12635.39932463492,16.62,0.56,0.0,0.0,5.0
312,1,train_0145,12555.970514588145,10361.646195963272,86.16461959632726,0.0,12642.135134184473,13.54,0.58,0.0,0.0,5.0
313,1,train_0473,12346.472353382038,10353.355154676925,85.3355154676925,0.0,12431.80786884973,18.98,0.66,0.0,0.0,5.0
314,1,train_0159,12130.459863582893,10028.883549624978,52.888354962497765,0.0,12183.34821854539,16.46,0.64,0.0,0.0,5.0
315,1,train_0253,12050.474399056811,10161.999468523984,66.19994685239836,0.0,12116.67434590921,17.84,0.72,0.0,0.0,5.0
316,1,train_0077,12028.419433602496,10245.70541577518,74.57054157751809,0.0,12102.989975180013,14.88,0.56,0.0,0.0,5.0
317,1,train_0110,12257.29638029865,10405.986729672113,90.59867296721131,0.0,12347.895053265862,17.52,0.68,0.0,0.0,5.0
318,1,train_0399,12493.978545320444,10752.73278938637,125.27327893863695,0.0,12619.251824259081,12.68,0.48,0.0,0.0,5.0
319,1,train_0454,12716.035129071504,10704.831997978188,120.48319979781883,0.0,12836.518328869322,17.6,0.64,0.0,0.0,5.0
320,1,train_0519,12809.857050808168,10875.705165070689,137.5705165070689,0.0,12947.427567315237,17.8,0.6,0.0,0.0,5.0
321,1,train_0332,12038.518421637644,10275.263717523703,77.52637175237032,0.0,12116.044793390014,14.72,0.58,0.0,0.0,5.0
322,1,train_0166,12216.585855581186,10198.417319523733,69.84173195237327,0.0,12286.427587533559,14.24,0.7,0.0,0.0,5.0
323,1,train_0262,12711.17203692975,10421.346790193355,92.13467901933547,0.0,12803.306715949086,16.0,0.6,0.0,0.0,5.0
324,1,train_0093,12255.599414181659,9831.43100054819,33.14310005481894,0.0,12288.742514236477,17.86,0.74,0.0,0.0,5.0
325,1,train_0144,12764.957029655287,11099.379816751374,159.93798167513742,0.0,12924.895011330424,16.22,0.58,0.0,0.0,5.0
326,1,train_0288,11746.799774544439,10429.761612186325,92.97616121863248,0.0,11839.775935763071,16.92,0.58,0.0,0.0,5.0
327,1,train_0468,12059.002046844813,10382.045842897041,88.20458428970414,0.0,12147.206631134517,15.5,0.66,0.0,0.0,5.0
328,1,train_0155,12387.614644285086,10582.105533412296,108.21055334122957,0.0,12495.825197626316,17.1,0.54,0.0,0.0,5.0
329,1,train_0219,12222.360256282695,10746.558392550667,124.65583925506672,0.0,12347.016095537761,17.02,0.66,0.0,0.0,5.0
330,1,train_0022,12400.896380989248,10285.601267479204,78.56012674792038,0.0,12479.456507737168,17.26,0.62,0.0,0.0,5.0
331,1,train_0025,12480.394622306649,10748.097687373032,124.80976873730324,0.0,12605.204391043952,15.36,0.58,0.0,0.0,5.0
332,1,train_0327,12348.244244605075,10587.355885279307,108.73558852793067,0.0,12456.979833133006,17.36,0.7,0.0,0.0,5.0
333,1,train_0579,12512.047943068052,10404.725060786717,90.47250607867173,0.0,12602.520449146723,15.6,0.72,0.0,0.0,5.0
334,1,train_0345,12618.542360580032,10174.02393748271,67.40239374827107,0.0,12685.944754328302,16.1,0.68,0.0,0.0,5.0
335,1,train_0018,12250.140784441544,10338.40268431036,83.84026843103602,0.0,12333.981052872581,15.8,0.74,0.0,0.0,5.0
336,1,train_0344,12193.80749510889,10646.444895613962,114.64448956139623,0.0,12308.451984670286,16.34,0.58,0.0,0.0,5.0
337,1,train_0072,12598.318231301235,10537.561253874777,103.75612538747774,0.0,12702.074356688712,16.4,0.76,0.0,0.0,5.0
338,1,train_0415,12764.693002322621,10639.459993373184,113.94599933731843,0.0,12878.63900165994,13.88,0.62,0.0,0.0,5.0
339,1,train_0279,12340.23722110501,10733.141223065608,123.31412230656079,0.0,12463.551343411571,17.16,0.62,0.0,0.0,5.0
340,1,train_0218,12347.662288427055,11057.87596720222,155.78759672022207,0.0,12503.449885147276,15.12,0.5,0.0,0.0,5.0
341,1,train_0124,12266.349946982096,10697.464162424176,119.74641624241758,0.0,12386.096363224515,17.98,0.68,0.0,0.0,5.0
342,1,train_0105,12447.085287514317,10613.569743952321,111.3569743952321,0.0,12558.44226190955,15.44,0.7,0.0,0.0,5.0
343,1,train_0201,12497.85149915687,10431.65805244417,93.16580524441707,0.0,12591.017304401286,16.78,0.64,0.0,0.0,5.0
344,1,train_0270,12322.781952317957,10575.004436480769,107.50044364807691,0.0,12430.282395966035,14.94,0.5,0.0,0.0,5.0
345,1,train_0340,12465.487069888992,10579.487497553953,107.94874975539534,0.0,12573.435819644386,16.9,0.48,0.0,0.0,5.0
346,1,train_0413,12870.075814617328,10592.955725237589,109.29557252375889,0.0,12979.371387141087,14.18,0.72,0.0,0.0,5.0
347,1,train_0574,12279.72528779204,10683.403499326967,118.34034993269671,0.0,12398.065637724736,14.24,0.66,0.0,0.0,5.0
348,1,train_0019,12636.72100868079,10499.110828033012,99.91108280330118,0.0,12736.63209148409,15.12,0.66,0.0,0.0,5.0
349,1,train_0561,12709.07936254506,10434.989651163058,93.49896511630578,0.0,12802.578327661366,18.84,0.62,0.0,0.0,5.0
350,1,train_0336,12349.716442017747,10374.564606654581,87.45646066545815,0.0,12437.172902683205,15.64,0.54,0.0,0.0,5.0
351,1,train_0044,12734.826208911803,10552.95272010523,105.29527201052298,0.0,12840.121480922326,16.44,0.62,0.0,0.0,5.0
352,1,train_0520,12285.0818130462,9915.728058614955,41.572805861495546,0.0,12326.654618907694,17.18,0.56,0.0,0.0,5.0
353,1,train_0511,12073.443263627152,10479.818492473092,97.98184924730923,0.0,12171.425112874462,15.8,0.68,0.0,0.0,5.0
354,1,train_0172,12379.063168459114,10384.768523261406,88.47685232614059,0.0,12467.540020785254,16.92,0.7,0.0,0.0,5.0
355,1,train_0100,12165.188598131548,10140.236620019707,64.02366200197066,0.0,12229.21226013352,15.3,0.72,0.0,0.0,5.0
356,1,train_0180,12397.995742536248,10890.774793916979,139.07747939169786,0.0,12537.073221927945,18.16,0.66,0.0,0.0,5.0
357,1,train_0486,12401.123502233902,10787.21918727733,128.7219187277329,0.0,12529.845420961636,14.92,0.6,0.0,0.0,5.0
358,1,train_0551,12103.253311231307,10243.19712134256,74.31971213425605,0.0,12177.573023365563,17.0,0.72,0.0,0.0,5.0
359,1,train_0177,12408.270513852738,10629.133567347777,112.91335673477771,0.0,12521.183870587516,14.18,0.64,0.0,0.0,5.0
360,1,train_0285,12212.004595612549,10631.766334105787,113.17663341057869,0.0,12325.181229023128,14.76,0.64,0.0,0.0,5.0
361,1,train_0430,12266.700723591923,10299.19857445459,79.91985744545892,0.0,12346.620581037381,15.66,0.7,0.0,0.0,5.0
362,1,train_0108,12195.718802489637,10776.415366307821,127.64153663078214,0.0,12323.36033912042,18.6,0.74,0.0,0.0,5.0
363,1,train_0431,12327.299114702093,10281.289570811983,78.12895708119832,0.0,12405.428071783292,16.34,0.6,0.0,0.0,5.0
364,1,train_0135,12673.198697811778,10374.502116935368,87.45021169353677,0.0,12760.648909505315,17.54,0.66,0.0,0.0,5.0
365,1,train_0510,12618.32270514658,10820.039611288277,132.00396112882774,0.0,12750.326666275409,15.26,0.6,0.0,0.0,5.0
366,1,train_0080,12543.242111458394,10764.681774559476,126.46817745594763,0.0,12669.710288914343,16.24,0.7,0.0,0.0,5.0
367,1,train_0587,12447.80290331467,10103.78033126514,60.37803312651395,0.0,12508.180936441184,18.12,0.72,0.0,0.0,5.0
368,1,train_0432,11959.166235475384,10682.435065135152,118.24350651351524,0.0,12077.4097419889,14.22,0.56,0.0,0.0,5.0
369,1,train_0165,12065.299909904847,10186.982901666928,68.69829016669283,0.0,12133.998200071539,16.84,0.74,0.0,0.0,5.0
370,1,train_0484,12481.59920097606,10109.35902695341,60.93590269534107,0.0,12542.5351036714,12.8,0.56,0.0,0.0,5.0
371,1,train_0376,12234.375297293584,10184.481364335737,68.44813643357375,0.0,12302.823433727157,14.88,0.58,0.0,0.0,5.0
372,1,train_0285,12509.33842197678,10311.00737316884,81.10073731688408,0.0,12590.439159293663,14.76,0.7,0.0,0.0,5.0
373,1,train_0443,12726.26507663097,10986.125809063535,148.6125809063535,0.0,12874.877657537325,17.84,0.54,0.0,0.0,5.0
374,1,train_0413,12688.00153856649,10757.235438160908,125.72354381609075,0.0,12813.725082382582,16.54,0.78,0.0,0.0,5.0
375,1,train_0047,12268.629219850793,10144.352448728565,64.4352448728565,0.0,12333.06446472365,15.14,0.76,0.0,0.0,5.0
376,1,train_0137,12061.88616235526,10377.610612307817,87.7610612307817,0.0,12149.647223586042,15.58,0.82,0.0,0.0,5.0
377,1,train_0397,12044.730196999226,10505.088126797546,100.50881267975456,0.0,12145.23900967898,16.14,0.72,0.0,0.0,5.0
378,1,train_0243,12478.84501596136,10645.758849672671,114.57588496726713,0.0,12593.420900928628,17.04,0.74,0.0,0.0,5.0
379,1,train_0192,12436.507490712636,10602.59468015996,110.25946801599603,0.0,12546.766958728633,17.94,0.72,0.0,0.0,5.0
380,1,train_0327,12213.604169813694,10874.83049132675,137.48304913267495,0.0,12351.08721894637,16.76,0.62,0.0,0.0,5.0
381,1,train_0096,12692.463270578492,10417.291258467998,91.7291258467998,0.0,12784.192396425291,16.38,0.68,0.0,0.0,5.0
382,1,train_0589,12170.3865055942,10091.607412192585,59.16074121925849,0.0,12229.54724681346,16.36,0.68,0.0,0.0,5.0
383,1,train_0329,12253.64207687826,10416.10429211791,91.61042921179106,0.0,12345.25250609005,17.08,0.68,0.0,0.0,5.0
384,1,train_0004,12406.812747689535,10547.107675069834,104.7107675069834,0.0,12511.523515196519,18.5,0.68,0.0,0.0,5.0
385,1,train_0277,12332.232337844154,10496.212186973611,99.62121869736112,0.0,12431.853556541515,15.38,0.8,0.0,0.0,5.0
386,1,train_0446,12295.744991788568,10082.4999828435,58.249998284349935,0.0,12353.994990072917,15.7,0.54,0.0,0.0,5.0
387,1,train_0346,12870.338469098184,10610.735297745292,111.0735297745292,0.0,12981.411998872713,17.38,0.66,0.0,0.0,5.0
388,1,train_0305,12132.378886930324,10738.03717831283,123.80371783128304,0.0,12256.182604761607,16.82,0.6,0.0,0.0,5.0
389,1,train_0385,12782.713813139966,10769.694401867675,126.9694401867675,0.0,12909.683253326733,16.24,0.68,0.0,0.0,5.0
390,1,train_0015,12323.776255920486,10320.136583733496,82.01365837334961,0.0,12405.789914293835,15.84,0.6,0.0,0.0,5.0
391,1,train_0299,12303.7687605194,10402.655103727906,90.2655103727906,0.0,12394.03427089219,14.92,0.74,0.0,0.0,5.0
392,1,train_0241,12141.445887318843,10503.962622951363,100.39626229513634,0.0,12241.84214961398,14.14,0.64,0.0,0.0,5.0
393,1,train_0543,12611.57210610812,10673.704392355572,117.37043923555721,0.0,12728.942545343678,15.74,0.62,0.0,0.0,5.0
394,1,train_0350,12170.43475406161,10264.279566156369,76.42795661563687,0.0,12246.862710677247,16.68,0.74,0.0,0.0,5.0
395,1,train_0106,12437.455514193955,11025.117321019443,152.5117321019443,0.0,12589.967246295899,16.28,0.68,0.0,0.0,5.0
396,1,train_0512,12747.556796471199,10057.487103056998,55.74871030569975,0.0,12803.305506776898,15.68,0.66,0.0,0.0,5.0
397,1,train_0173,12541.825269054269,10541.729053194033,104.17290531940326,0.0,12645.998174373672,17.84,0.56,0.0,0.0,5.0
398,1,train_0597,12245.467543952176,10179.147653474993,67.91476534749927,0.0,12313.382309299675,17.76,0.56,0.0,0.0,5.0
399,1,train_0213,12573.474001611978,10252.72570740598,75.27257074059798,0.0,12648.746572352575,15.1,0.76,0.0,0.0,5.0
400,2,train_0508,12768.78848818241,10398.52510875315,89.85251087531506,0.0,12858.640999057725,14.52,0.56,0.0,0.0,5.0
401,2,train_0464,12625.299080151595,10181.825375778626,68.1825375778626,0.0,12693.481617729458,16.52,0.68,0.0,0.0,5.0
402,2,train_0433,12256.147817192526,10299.262203720235,79.92622037202347,0.0,12336.07403756455,15.04,0.68,0.0,0.0,5.0
403,2,train_0391,12285.008554475138,10559.949310519485,105.99493105194853,0.0,12391.003485527086,15.56,0.5,0.0,0.0,5.0
404,2,train_0013,12247.082294636686,10249.796629531316,74.97966295313164,0.0,12322.061957589818,14.2,0.58,0.0,0.0,5.0
405,2,train_0123,12342.990212538985,10333.81097821422,83.38109782142202,0.0,12426.371310360408,15.32,0.7,0.0,0.0,5.0
406,2,train_0523,11961.47004088365,10283.41241753146,78.34124175314592,0.0,12039.811282636796,15.52,0.66,0.0,0.0,5.0
407,2,train_0446,12366.24002873896,10119.678826713758,61.96788267137581,0.0,12428.207911410334,16.62,0.68,0.0,0.0,5.0
408,2,train_0277,12589.80129438021,10220.964448340546,72.09644483405464,0.0,12661.897739214264,15.52,0.62,0.0,0.0,5.0
409,2,train_0462,12368.693601040392,10448.83596499082,94.88359649908199,0.0,12463.577197539473,15.5,0.56,0.0,0.0,5.0
410,2,train_0394,12343.78258815166,10681.132644184043,118.1132644184043,0.0,12461.895852570064,14.88,0.66,0.0,0.0,5.0
411,2,train_0462,12398.031765278147,10555.945451034062,105.5945451034062,0.0,12503.626310381553,17.26,0.72,0.0,0.0,5.0
412,2,train_0319,12287.915335275244,10567.757946503412,106.77579465034124,0.0,12394.691129925584,15.86,0.72,0.0,0.0,5.0
413,2,train_0047,12311.59460935818,10129.741222747158,62.974122274715775,0.0,12374.568731632897,16.16,0.78,0.0,0.0,5.0
414,2,train_0244,12629.766113115114,10420.364194000325,92.03641940003254,0.0,12721.802532515147,15.32,0.66,0.0,0.0,5.0
415,2,train_0127,12561.58572538165,10354.133041297975,85.41330412979751,0.0,12646.999029511448,15.72,0.68,0.0,0.0,5.0
416,2,train_0517,12795.043659931129,10266.144908264057,76.61449082640574,0.0,12871.658150757534,17.3,0.6,0.0,0.0,5.0
417,2,train_0537,12017.918354386476,10230.24831957829,73.02483195782898,0.0,12090.943186344306,16.02,0.66,0.0,0.0,5.0
418,2,train_0121,12395.540710253423,10152.896675419765,65.28966754197646,0.0,12460.830377795399,16.4,0.62,0.0,0.0,5.0
419,2,train_0527,12452.686776866996,10081.424609941523,58.142460994152316,0.0,12510.829237861148,14.88,0.58,0.0,0.0,5.0
420,2,train_0197,12289.445457889202,11123.616437020091,162.36164370200913,0.0,12451.80710159121,15.82,0.68,0.0,0.0,5.0
421,2,train_0123,12252.937861839011,10645.979419578473,114.59794195784725,0.0,12367.535803796858,15.52,0.6,0.0,0.0,5.0
422,2,train_0163,12980.131763045822,10748.870155058856,124.88701550588559,0.0,13105.018778551706,14.94,0.76,0.0,0.0,5.0
423,2,train_0330,12038.916929452687,10188.615110352952,68.8615110352952,0.0,12107.778440487982,16.02,0.66,0.0,0.0,5.0
424,2,train_0143,12465.19342328139,10659.811599926174,115.98115999261736,0.0,12581.174583274007,14.1,0.52,0.0,0.0,5.0
425,2,train_0157,12242.651748050921,10455.75464743699,95.57546474369902,0.0,12338.22721279462,14.78,0.62,0.0,0.0,5.0
426,2,train_0419,12158.064733718902,10471.387539052534,97.13875390525337,0.0,12255.203487624156,14.28,0.66,0.0,0.0,5.0
427,2,train_0249,12252.295728654626,10753.374364147094,125.33743641470937,0.0,12377.633165069336,16.44,0.66,0.0,0.0,5.0
428,2,train_0418,12231.477882509276,10928.722207021317,142.87222070213176,0.0,12374.350103211407,17.96,0.54,0.0,0.0,5.0
429,2,train_0012,12937.340780110455,10802.962322729913,130.29623227299126,0.0,13067.637012383446,14.78,0.64,0.0,0.0,5.0
430,2,train_0058,11853.996630319103,10081.357032790373,58.135703279037266,0.0,11912.13233359814,14.68,0.66,0.0,0.0,5.0
431,2,train_0169,12001.895566499987,10192.780608830153,69.27806088301531,0.0,12071.173627383003,16.68,0.5,0.0,0.0,5.0
432,2,train_0217,12553.699708044278,10520.529671321317,102.05296713213176,0.0,12655.752675176409,17.44,0.6,0.0,0.0,5.0
433,2,train_0162,11779.786192412761,9943.38496717629,44.338496717628914,0.0,11824.124689130389,17.16,0.56,0.0,0.0,5.0
434,2,train_0237,12121.032963887736,10646.816303558551,114.68163035585513,0.0,12235.71459424359,16.22,0.58,0.0,0.0,5.0
435,2,train_0551,12022.08809969313,10306.816149652528,80.68161496525282,0.0,12102.769714658383,16.12,0.68,0.0,0.0,5.0
436,2,train_0276,12218.123994553243,10574.17949514199,107.41794951419907,0.0,12325.541944067443,14.6,0.7,0.0,0.0,5.0
437,2,train_0352,12192.042167537178,9909.144979038778,40.91449790387779,0.0,12232.956665441056,16.78,0.64,0.0,0.0,5.0
438,2,train_0473,12105.340054928867,10276.32124918626,77.63212491862596,0.0,12182.972179847493,17.2,0.64,0.0,0.0,5.0
439,2,train_0106,12920.309816244953,10409.447862112036,90.94478621120362,0.0,13011.254602456156,16.94,0.74,0.0,0.0,5.0
440,2,train_0086,11773.093608916568,10066.016328935539,56.60163289355387,0.0,11829.695241810121,16.86,0.62,0.0,0.0,5.0
441,2,train_0256,12326.715377764902,10479.54560502146,97.95456050214598,0.0,12424.669938267049,15.74,0.8,0.0,0.0,5.0
442,2,train_0372,12507.016702877649,10960.664316264696,146.0664316264696,0.0,12653.083134504119,16.06,0.7,0.0,0.0,5.0
443,2,train_0295,12395.057941161529,10196.99467433299,69.69946743329892,0.0,12464.757408594827,15.68,0.6,0.0,0.0,5.0
444,2,train_0071,12529.085599012356,10240.535574978028,74.05355749780283,0.0,12603.139156510159,13.74,0.72,0.0,0.0,5.0
445,2,train_0382,12927.97067345194,10686.012864366752,118.60128643667522,0.0,13046.571959888615,16.18,0.64,0.0,0.0,5.0
446,2,train_0554,12354.231048737933,10405.661238904255,90.56612389042549,0.0,12444.797172628358,13.66,0.62,0.0,0.0,5.0
447,2,train_0319,12489.977447175585,10677.960737203744,117.79607372037445,0.0,12607.773520895958,15.14,0.58,0.0,0.0,5.0
448,2,train_0539,12567.012313709865,10126.05652060968,62.60565206096799,0.0,12629.617965770833,14.82,0.54,0.0,0.0,5.0
449,2,train_0252,12123.184066599526,10236.886774476254,73.68867744762538,0.0,12196.872744047152,15.9,0.72,0.0,0.0,5.0
450,2,train_0240,12795.847707749948,10742.81257219764,124.28125721976394,0.0,12920.128964969712,14.7,0.72,0.0,0.0,5.0
451,2,train_0186,12312.510053405913,10755.935409300773,125.59354093007732,0.0,12438.10359433599,14.36,0.62,0.0,0.0,5.0
452,2,train_0312,11975.911456339276,10147.447567043077,64.74475670430766,0.0,12040.656213043583,15.76,0.56,0.0,0.0,5.0
453,2,train_0344,12480.254786556434,10129.751462609787,62.97514626097873,0.0,12543.229932817412,15.16,0.62,0.0,0.0,5.0
454,2,train_0063,12140.509617232034,10621.294423327789,112.12944233277886,0.0,12252.639059564812,15.88,0.76,0.0,0.0,5.0
455,2,train_0585,12550.516789584504,10509.79570550827,100.97957055082698,0.0,12651.496360135332,14.5,0.72,0.0,0.0,5.0
456,2,train_0091,12560.615308553004,10375.060061218679,87.50600612186791,0.0,12648.121314674872,17.1,0.64,0.0,0.0,5.0
457,2,train_0331,12166.064047101958,10403.387847925576,90.33878479255765,0.0,12256.402831894515,16.96,0.66,0.0,0.0,5.0
458,2,train_0186,12134.356531456366,10494.448394777855,99.44483947778554,0.0,12233.80137093415,14.16,0.62,0.0,0.0,5.0
459,2,train_0532,12462.473860457048,10452.609870578257,95.2609870578257,0.0,12557.734847514874,15.88,0.64,0.0,0.0,5.0
460,2,train_0386,12116.126919168142,10625.135333743357,112.51353337433575,0.0,12228.640452542479,14.66,0.62,0.0,0.0,5.0
461,2,train_0009,12422.504026159337,10378.56091182654,87.85609118265403,0.0,12510.36011734199,17.06,0.64,0.0,0.0,5.0
462,2,train_0016,12325.832306583541,10649.410785579272,114.94107855792718,0.0,12440.773385141469,16.74,0.66,0.0,0.0,5.0
463,2,train_0121,12204.106953582874,10307.40924517726,80.74092451772594,0.0,12284.8478781006,15.4,0.68,0.0,0.0,5.0
464,2,train_0492,12222.273959498289,10257.401543022137,75.74015430221371,0.0,12298.014113800502,16.2,0.64,0.0,0.0,5.0
465,2,train_0518,12439.854474243384,10593.934120692225,109.39341206922255,0.0,12549.247886312607,16.06,0.68,0.0,0.0,5.0
466,2,train_0330,12176.459153197677,10025.342295591785,52.5342295591785,0.0,12228.993382756855,16.02,0.64,0.0,0.0,5.0
467,2,train_0341,12689.527941875316,10438.39446839784,93.83944683978407,0.0,12783.3673887151,16.22,0.7,0.0,0.0,5.0
468,2,train_0388,12654.032509058108,10536.508866699958,103.65088666999583,0.0,12757.683395728103,15.04,0.72,0.0,0.0,5.0
469,2,train_0292,12353.380476495622,10557.502057848194,105.75020578481946,0.0,12459.130682280442,16.4,0.6,0.0,0.0,5.0
470,2,train_0306,12300.90283362458,10702.722239573195,120.27222395731951,0.0,12421.175057581899,15.56,0.7,0.0,0.0,5.0
471,2,train_0221,12065.689260496234,10618.96053357024,111.896053357024,0.0,12177.585313853258,15.88,0.58,0.0,0.0,5.0
472,2,train_0294,12352.664435190061,10016.236647232436,51.623664723243564,0.0,12404.288099913305,16.68,0.74,0.0,0.0,5.0
473,2,train_0177,12480.704848487487,10401.465402730068,90.14654027300676,0.0,12570.851388760493,14.14,0.58,0.0,0.0,5.0
474,2,train_0448,12239.40730138059,10641.854478879754,114.18544788797536,0.0,12353.592749268566,14.92,0.74,0.0,0.0,5.0
475,2,train_0407,12367.759625675975,10708.795768054946,120.87957680549462,0.0,12488.63920248147,17.06,0.68,0.0,0.0,5.0
476,2,train_0430,12006.716050456276,10558.345772293036,105.83457722930362,0.0,12112.55062768558,14.78,0.5,0.0,0.0,5.0
477,2,train_0219,12324.371475563868,10601.436038638545,110.14360386385452,0.0,12434.515079427723,15.06,0.78,0.0,0.0,5.0
478,2,train_0237,12161.320231662332,10371.316760722899,87.13167607228989,0.0,12248.451907734621,17.22,0.62,0.0,0.0,5.0
479,2,train_0261,12574.131428740217,10675.517848619216,117.55178486192163,0.0,12691.683213602138,16.18,0.66,0.0,0.0,5.0
480,2,train_0361,12286.557586081843,10882.469374200606,138.24693742006056,0.0,12424.804523501904,15.78,0.62,0.0,0.0,5.0
481,2,train_0466,12348.831302617862,10734.174664423503,123.41746644235027,0.0,12472.248769060212,18.02,0.74,0.0,0.0,5.0
482,2,train_0005,11952.713344635798,10313.071350416227,81.30713504162269,0.0,12034.020479677421,18.24,0.72,0.0,0.0,5.0
483,2,train_0567,13374.461716631442,10940.087807138796,144.00878071387962,0.0,13518.47049734532,15.98,0.56,0.0,0.0,5.0
484,2,train_0517,12357.058128124758,10756.091194713457,125.60911947134574,0.0,12482.667247596104,18.26,0.74,0.0,0.0,5.0
485,2,train_0596,12412.203404424941,10451.142160831601,95.11421608316014,0.0,12507.317620508102,16.32,0.62,0.0,0.0,5.0
486,2,train_0166,11981.133984492011,10320.012285802704,82.00122858027044,0.0,12063.13521307228,14.38,0.84,0.0,0.0,5.0
487,2,train_0290,12269.56546267288,10491.41688536614,99.14168853661396,0.0,12368.707151209494,16.76,0.68,0.0,0.0,5.0
488,2,train_0327,12513.150475549828,10731.903677589971,123.19036775899713,0.0,12636.340843308826,16.34,0.46,0.0,0.0,5.0
489,2,train_0082,12600.531699022344,10771.937222302719,127.19372223027186,0.0,12727.725421252615,16.38,0.58,0.0,0.0,5.0
490,2,train_0214,12073.002605202553,10296.420486021305,79.6420486021305,0.0,12152.644653804684,15.2,0.66,0.0,0.0,5.0
491,2,train_0014,12297.721112763553,10646.514651025485,114.65146510254854,0.0,12412.372577866101,17.14,0.68,0.0,0.0,5.0
492,2,train_0071,12394.178368749617,10782.044544400134,128.20445444001345,0.0,12522.382823189631,14.72,0.62,0.0,0.0,5.0
493,2,train_0296,12524.760888548619,10496.819409835703,99.68194098357036,0.0,12624.442829532189,16.06,0.64,0.0,0.0,5.0
494,2,train_0189,12520.989237422506,10513.336696076964,101.33366960769636,0.0,12622.322907030202,16.1,0.62,0.0,0.0,5.0
495,2,train_0045,12245.06567346925,10462.759398201932,96.27593982019317,0.0,12341.341613289442,14.5,0.6,0.0,0.0,5.0
496,2,train_0501,12705.815103601766,10644.627165502083,114.46271655020828,0.0,12820.277820151974,17.5,0.7,0.0,0.0,5.0
497,2,train_0070,11681.44746086666,10184.427608522843,68.44276085228431,0.0,11749.890221718944,15.06,0.6,0.0,0.0,5.0
498,2,train_0138,12279.793204989754,10194.45697545356,69.44569754535605,0.0,12349.23890253511,16.94,0.62,0.0,0.0,5.0
499,2,train_0140,12344.368621071862,10594.237898495458,109.42378984954576,0.0,12453.792410921407,15.04,0.56,0.0,0.0,5.0
500,2,train_0309,12491.001478374536,10720.733389500318,122.07333895003177,0.0,12613.074817324567,12.3,0.68,0.0,0.0,5.0
501,2,train_0595,11770.31018002586,10349.057333920371,84.90573339203712,0.0,11855.215913417896,16.12,0.72,0.0,0.0,5.0
502,2,train_0016,12577.88335116902,10274.089635964028,77.40896359640283,0.0,12655.292314765424,16.84,0.74,0.0,0.0,5.0
503,2,train_0097,12059.708356319312,10442.230576400232,94.22305764002323,0.0,12153.931413959335,16.0,0.56,0.0,0.0,5.0
504,2,train_0199,12226.148967738283,10808.772373326,130.8772373326001,0.0,12357.026205070884,14.72,0.46,0.0,0.0,5.0
505,2,train_0066,12472.206911735464,10615.37106322627,111.53710632262701,0.0,12583.74401805809,17.42,0.68,0.0,0.0,5.0
506,2,train_0004,12475.505442300157,10478.717817879744,97.8717817879744,0.0,12573.377224088132,19.08,0.58,0.0,0.0,5.0
507,2,train_0549,12361.151835997636,10577.988754885206,107.79887548852058,0.0,12468.950711486157,17.4,0.82,0.0,0.0,5.0
508,2,train_0134,12767.207931949488,10837.563655749913,133.7563655749913,0.0,12900.964297524479,13.76,0.6,0.0,0.0,5.0
509,2,train_0373,12394.584118435334,10732.683567566623,123.26835675666226,0.0,12517.852475191996,16.14,0.76,0.0,0.0,5.0
510,2,train_0530,12646.18933073012,10817.357210089562,131.73572100895618,0.0,12777.925051739076,15.98,0.66,0.0,0.0,5.0
511,2,train_0443,12890.999667041344,10665.410365125565,116.54103651255646,0.0,13007.540703553901,18.54,0.66,0.0,0.0,5.0
512,2,train_0025,12396.07351819568,10827.19956314443,132.71995631444298,0.0,12528.793474510123,15.16,0.6,0.0,0.0,5.0
513,2,train_0212,12428.050254544614,10331.648091651783,83.16480916517831,0.0,12511.215063709793,14.82,0.48,0.0,0.0,5.0
514,2,train_0030,12378.916376854333,10298.023602937845,79.80236029378449,0.0,12458.718737148118,17.44,0.54,0.0,0.0,5.0
515,2,train_0560,12227.547819692563,10675.369756600592,117.53697566005923,0.0,12345.084795352623,16.76,0.64,0.0,0.0,5.0
516,2,train_0278,12210.759381667754,10574.156503794336,107.41565037943366,0.0,12318.175032047187,18.72,0.72,0.0,0.0,5.0
517,2,train_0585,12204.750426524373,10947.067386735613,144.70673867356126,0.0,12349.457165197935,12.42,0.84,0.0,0.0,5.0
518,2,train_0240,12693.936948235689,10807.710330181506,130.7710330181506,0.0,12824.70798125384,16.16,0.74,0.0,0.0,5.0
519,2,train_0335,12415.929029411658,10734.991367215986,123.49913672159856,0.0,12539.428166133257,18.02,0.66,0.0,0.0,5.0
520,2,train_0037,12981.247324220578,10853.384338168627,135.33843381686276,0.0,13116.585758037441,17.9,0.5,0.0,0.0,5.0
521,2,train_0592,12473.263656195328,10404.605734341749,90.46057343417488,0.0,12563.724229629503,14.1,0.58,0.0,0.0,5.0
522,2,train_0514,12644.909119940809,10174.251715572738,67.42517155727383,0.0,12712.334291498082,13.96,0.62,0.0,0.0,5.0
523,2,train_0303,12158.61343837708,10371.362009561566,87.13620095615661,0.0,12245.749639333237,15.5,0.68,0.0,0.0,5.0
524,2,train_0139,12428.555678297162,10047.106285784364,54.71062857843645,0.0,12483.266306875597,15.12,0.66,0.0,0.0,5.0
525,2,train_0263,11969.305385519969,10128.63282359335,62.86328235933507,0.0,12032.168667879303,15.06,0.76,0.0,0.0,5.0
526,2,train_0262,12672.304448639188,10592.00590703547,109.20059070354692,0.0,12781.505039342735,15.6,0.66,0.0,0.0,5.0
527,2,train_0471,12403.107977171054,10713.986060433006,121.39860604330062,0.0,12524.506583214354,14.46,0.66,0.0,0.0,5.0
528,2,train_0178,12145.210158294962,10310.783800107998,81.07838001079982,0.0,12226.288538305762,14.5,0.62,0.0,0.0,5.0
529,2,train_0386,12598.635363408925,10348.704111011371,84.87041110113715,0.0,12683.505774510062,14.5,0.72,0.0,0.0,5.0
530,2,train_0485,11898.962034835697,10334.952983363954,83.49529833639536,0.0,11982.457333172091,16.96,0.72,0.0,0.0,5.0
531,2,train_0120,12182.209811163415,10110.257456016625,61.02574560166249,0.0,12243.235556765077,17.1,0.74,0.0,0.0,5.0
532,2,train_0466,12512.12277412498,10569.729396725465,106.97293967254646,0.0,12619.095713797527,17.74,0.72,0.0,0.0,5.0
533,2,train_0308,12091.83649686506,10343.323777819794,84.33237778197946,0.0,12176.168874647039,17.26,0.7,0.0,0.0,5.0
534,2,train_0122,12322.33685076491,10159.583849628412,65.95838496284124,0.0,12388.295235727752,16.66,0.64,0.0,0.0,5.0
535,2,train_0009,12573.225450867714,10488.674559120267,98.86745591202671,0.0,12672.09290677974,14.12,0.66,0.0,0.0,5.0
536,2,train_0530,12414.165511954494,10871.127616540372,137.11276165403726,0.0,12551.278273608532,15.98,0.66,0.0,0.0,5.0
537,2,train_0525,12215.922365986096,10680.955377304606,118.09553773046065,0.0,12334.017903716556,15.04,0.66,0.0,0.0,5.0
538,2,train_0037,12839.90924676467,11319.338836546991,181.93388365469912,0.0,13021.84313041937,15.78,0.66,0.0,0.0,5.0
539,2,train_0325,12249.675909591024,10620.535129433942,112.05351294339417,0.0,12361.729422534418,13.78,0.7,0.0,0.0,5.0
540,2,train_0056,11843.090209017784,10112.761328257367,61.27613282573675,0.0,11904.36634184352,16.48,0.72,0.0,0.0,5.0
541,2,train_0027,12340.22047227116,10822.172756205346,132.21727562053456,0.0,12472.437747891694,14.68,0.7,0.0,0.0,5.0
542,2,train_0034,12355.487793417135,10348.272414101342,84.82724141013423,0.0,12440.315034827268,14.52,0.56,0.0,0.0,5.0
543,2,train_0562,12624.958383680205,10341.915729145316,84.19157291453158,0.0,12709.149956594736,15.54,0.66,0.0,0.0,5.0
544,2,train_0304,12889.183930446961,10635.808031967195,113.58080319671954,0.0,13002.76473364368,16.28,0.6,0.0,0.0,5.0
545,2,train_0599,12132.399032308178,10461.1372808527,96.11372808526994,0.0,12228.512760393449,16.98,0.66,0.0,0.0,5.0
546,2,train_0463,12205.136594746155,10333.746470858148,83.37464708581484,0.0,12288.51124183197,15.92,0.64,0.0,0.0,5.0
547,2,train_0442,12551.689967830624,10212.172788256114,71.21727882561136,0.0,12622.907246656236,15.18,0.56,0.0,0.0,5.0
548,2,train_0064,12866.038690236188,10698.30707024486,119.83070702448605,0.0,12985.869397260674,16.92,0.72,0.0,0.0,5.0
549,2,train_0258,12743.461220881847,10576.606369334299,107.66063693342986,0.0,12851.121857815277,14.12,0.8,0.0,0.0,5.0
550,2,train_0337,12165.054164391717,9916.567211777052,41.65672117770519,0.0,12206.710885569422,16.64,0.7,0.0,0.0,5.0
551,2,train_0354,11924.60423480978,10217.553323384345,71.75533233843453,0.0,11996.359567148214,15.08,0.64,0.0,0.0,5.0
552,2,train_0083,12057.509386472671,10523.040959612106,102.30409596121063,0.0,12159.813482433881,15.06,0.64,0.0,0.0,5.0
553,2,train_0006,12029.998069019663,10552.17909945817,105.21790994581698,0.0,12135.21597896548,16.38,0.68,0.0,0.0,5.0
554,2,train_0367,12413.462623775478,10445.737811936659,94.57378119366587,0.0,12508.036404969143,14.34,0.58,0.0,0.0,5.0
555,2,train_0065,12703.523766155491,10435.635790582382,93.56357905823825,0.0,12797.08734521373,14.52,0.58,0.0,0.0,5.0
556,2,train_0561,12350.794690078756,10898.484386831875,139.84843868318748,0.0,12490.643128761943,17.78,0.56,0.0,0.0,5.0
557,2,train_0198,12026.934952446278,10108.027241098012,60.80272410980124,0.0,12087.737676556078,15.74,0.74,0.0,0.0,5.0
558,2,train_0556,12717.307275052575,10597.941879816422,109.79418798164225,0.0,12827.101463034218,13.98,0.7,0.0,0.0,5.0
559,2,train_0246,12301.539287428095,10362.321764572564,86.23217645725636,0.0,12387.771463885352,16.04,0.74,0.0,0.0,5.0
560,2,train_0253,12186.546755748415,10013.751385497435,51.3751385497435,0.0,12237.921894298159,17.5,0.72,0.0,0.0,5.0
561,2,train_0453,12440.828301732621,10367.296704563088,86.72967045630885,0.0,12527.55797218893,15.94,0.72,0.0,0.0,5.0
562,2,train_0539,12386.069001234358,10248.272338584156,74.82723385841564,0.0,12460.896235092774,14.9,0.64,0.0,0.0,5.0
563,2,train_0102,12523.184650075194,10330.411857223595,83.04118572235949,0.0,12606.225835797553,13.36,0.68,0.0,0.0,5.0
564,2,train_0265,12368.337427825609,10305.644682011478,80.5644682011478,0.0,12448.901896026757,12.7,0.78,0.0,0.0,5.0
565,2,train_0069,12042.818420972515,10694.289338909892,119.42893389098919,0.0,12162.247354863504,17.5,0.58,0.0,0.0,5.0
566,2,train_0420,12096.675635023115,10591.899545605429,109.1899545605429,0.0,12205.865589583658,15.28,0.72,0.0,0.0,5.0
567,2,train_0418,12927.750646505474,10292.365903920305,79.2365903920305,0.0,13006.987236897505,17.14,0.62,0.0,0.0,5.0
568,2,train_0084,12048.497885258988,10547.117511718514,104.7117511718514,0.0,12153.20963643084,15.1,0.5,0.0,0.0,5.0
569,2,train_0532,11980.457611546597,10349.058396035178,84.90583960351779,0.0,12065.363451150115,15.74,0.62,0.0,0.0,5.0
570,2,train_0588,12187.724427079866,10237.54737709467,73.75473770946701,0.0,12261.479164789333,17.48,0.72,0.0,0.0,5.0
571,2,train_0527,12429.385724384032,10595.666581306796,109.56665813067957,0.0,12538.952382514712,16.2,0.72,0.0,0.0,5.0
572,2,train_0481,12309.126641487393,10398.663530236414,89.8663530236414,0.0,12398.992994511034,17.42,0.64,0.0,0.0,5.0
573,2,train_0445,12996.147254059479,11169.730958231487,166.97309582314867,0.0,13163.120349882627,18.86,0.66,0.0,0.0,5.0
574,2,train_0167,11959.719022580892,10269.857513451141,76.98575134511412,0.0,12036.704773926005,14.72,0.62,0.0,0.0,5.0
575,2,train_0590,12515.09662414263,10172.762013327794,67.27620133277942,0.0,12582.37282547541,17.46,0.58,0.0,0.0,5.0
576,2,train_0184,12722.002715837469,10338.160780816252,83.81607808162516,0.0,12805.818793919094,16.52,0.64,0.0,0.0,5.0
577,2,train_0313,12123.383201664106,10715.45227834404,121.54522783440407,0.0,12244.92842949851,15.86,0.62,0.0,0.0,5.0
578,2,train_0421,12899.087057266675,10526.86174640834,102.686174640834,0.0,13001.77323190751,16.0,0.58,0.0,0.0,5.0
579,2,train_0464,12165.741894176594,10389.05080795542,88.90508079554202,0.0,12254.646974972136,15.52,0.62,0.0,0.0,5.0
580,2,train_0195,12768.311014144394,11261.964859914842,176.19648599148422,0.0,12944.507500135878,17.76,0.74,0.0,0.0,5.0
581,2,train_0250,12746.88158101168,10193.972156403452,69.39721564034517,0.0,12816.278796652025,16.58,0.62,0.0,0.0,5.0
582,2,train_0285,12087.613924559892,10468.607017368602,96.86070173686022,0.0,12184.474626296751,14.78,0.7,0.0,0.0,5.0
583,2,train_0211,12210.86935095819,10620.513004051845,112.05130040518452,0.0,12322.920651363374,17.96,0.62,0.0,0.0,5.0
584,2,train_0196,12111.10491354931,10834.213844613787,133.4213844613787,0.0,12244.526298010689,16.54,0.64,0.0,0.0,5.0
585,2,train_0546,12545.031742611343,10534.094145303183,103.40941453031829,0.0,12648.441157141662,19.96,0.56,0.0,0.0,5.0
586,2,train_0145,12330.018693607955,10476.06646113692,97.60664611369194,0.0,12427.625339721648,15.12,0.62,0.0,0.0,5.0
587,2,train_0258,12449.355196117442,10882.632840533242,138.26328405332424,0.0,12587.618480170766,15.94,0.58,0.0,0.0,5.0
588,2,train_0089,12419.054244755236,10774.77584442106,127.47758444210595,0.0,12546.531829197342,16.68,0.6,0.0,0.0,5.0
589,2,train_0447,12525.574458541985,10356.37598273014,85.63759827301402,0.0,12611.212056814999,15.8,0.7,0.0,0.0,5.0
590,2,train_0483,13001.21985454683,10372.043944713994,87.20439447139944,0.0,13088.42424901823,15.88,0.72,0.0,0.0,5.0
591,2,train_0298,11863.000587585302,9906.437753857705,40.64377538577046,0.0,11903.644362971072,15.8,0.64,0.0,0.0,5.0
592,2,train_0037,13076.807964402964,10737.623478306232,123.76234783062318,0.0,13200.570312233587,17.62,0.68,0.0,0.0,5.0
593,2,train_0067,12057.272482169195,10306.968503879536,80.6968503879536,0.0,12137.96933255715,16.42,0.5,0.0,0.0,5.0
594,2,train_0152,12234.08743089058,10502.79046350177,100.27904635017694,0.0,12334.366477240757,15.72,0.58,0.0,0.0,5.0
595,2,train_0076,12591.646701038095,10066.268114213071,56.62681142130714,0.0,12648.273512459402,16.16,0.54,0.0,0.0,5.0
596,2,train_0135,12369.391737258095,10568.620673793888,106.86206737938883,0.0,12476.253804637483,16.48,0.64,0.0,0.0,5.0
597,2,train_0306,12536.798197720265,10626.408413680983,112.64084136809834,0.0,12649.439039088364,14.48,0.74,0.0,0.0,5.0
598,2,train_0350,12146.888880122471,10272.486631626263,77.24866316262633,0.0,12224.137543285098,17.24,0.64,0.0,0.0,5.0
599,2,train_0424,12399.701889229145,10671.365690148807,117.13656901488066,0.0,12516.838458244027,17.06,0.7,0.0,0.0,5.0
600,2,train_0559,12362.650941705946,10524.397702380502,102.43977023805019,0.0,12465.090711943996,18.14,0.74,0.0,0.0,5.0
601,2,train_0445,12815.887896502709,10786.41179147107,128.64117914710695,0.0,12944.529075649816,18.22,0.72,0.0,0.0,5.0
602,2,train_0284,12128.991397715256,10690.007967453534,119.00079674535337,0.0,12247.992194460609,16.56,0.58,0.0,0.0,5.0
603,2,train_0201,12270.57329506465,10454.850232115019,95.48502321150191,0.0,12366.058318276153,15.1,0.72,0.0,0.0,5.0
604,2,train_0521,12720.939598528857,10148.028802546407,64.8028802546407,0.0,12785.742478783499,17.92,0.76,0.0,0.0,5.0
605,2,train_0005,12138.321187069105,10101.27379163232,60.127379163232035,0.0,12198.448566232337,18.44,0.58,0.0,0.0,5.0
606,2,train_0438,12279.276674296592,10498.853029402417,99.88530294024167,0.0,12379.161977236834,17.44,0.58,0.0,0.0,5.0
607,2,train_0320,12317.764067890383,10723.506615415305,122.35066154153047,0.0,12440.114729431913,15.2,0.72,0.0,0.0,5.0
