episode,update,scenario_id,electricity_cost,carbon_emissions_kg,carbon_trading_cost,carbon_trading_revenue,system_cost,mean_start_delay_slots,remote_subtask_fraction,fallback_actions,capacity_violations,decision_epochs,carbon_lambda
0,0,train_0511,12365.04593062155,10195.480019012062,69.54800190120623,0.0,12434.593932522757,15.16,0.6,0.0,0.0,5.0,5.0
1,0,train_0107,12703.759868684472,10339.895418611824,83.98954186118245,0.0,12787.749410545655,16.4,0.64,0.0,0.0,5.0,5.0
2,0,train_0015,12399.216724677064,10258.554655134607,75.8554655134607,0.0,12475.072190190525,15.34,0.76,0.0,0.0,5.0,5.0
3,0,train_0383,12077.69405078299,10029.43253994608,52.94325399460795,0.0,12130.637304777598,16.52,0.78,0.0,0.0,5.0,5.0
4,0,train_0219,12338.517700810087,10533.134747462358,103.31347474623581,0.0,12441.831175556323,17.08,0.74,0.0,0.0,5.0,5.0
5,0,train_0280,12684.046617186612,10294.37113780842,79.43711378084208,0.0,12763.483730967455,16.54,0.68,0.0,0.0,5.0,5.0
6,0,train_0047,12354.693583549875,10080.941435813707,58.09414358137074,0.0,12412.787727131246,14.74,0.7,0.0,0.0,5.0,5.0
7,0,train_0222,12696.375286749151,10345.153284648291,84.51532846482915,0.0,12780.89061521398,17.58,0.62,0.0,0.0,5.0,5.0
8,0,train_0386,12440.544463570966,10433.551987631945,93.3551987631945,0.0,12533.89966233416,13.58,0.58,0.0,0.0,5.0,5.0
9,0,train_0212,12121.225732706696,10229.283121788241,72.92831217882413,0.0,12194.154044885521,15.02,0.6,0.0,0.0,5.0,5.0
10,0,train_0498,12466.452695224834,10575.140591447867,107.51405914478674,0.0,12573.966754369621,14.92,0.6,0.0,0.0,5.0,5.0
11,0,train_0474,12349.42917744215,10677.002647908961,117.70026479089611,0.0,12467.129442233047,15.44,0.58,0.0,0.0,5.0,5.0
12,0,train_0422,12619.138604279839,10565.797500619805,106.57975006198049,0.0,12725.71835434182,14.84,0.58,0.0,0.0,5.0,5.0
13,0,train_0543,12648.065670971962,10637.286972921767,113.72869729217673,0.0,12761.79436826414,16.2,0.5,0.0,0.0,5.0,5.0
14,0,train_0432,12404.242531748963,10225.431823892919,72.54318238929191,0.0,12476.785714138256,15.42,0.84,0.0,0.0,5.0,5.0
15,0,train_0106,12678.772972182654,10755.773899375326,125.57738993753264,0.0,12804.350362120187,18.04,0.54,0.0,0.0,5.0,5.0
16,0,train_0515,12199.853129112553,10426.713080317932,92.67130803179316,0.0,12292.524437144346,17.48,0.66,0.0,0.0,5.0,5.0
17,0,train_0391,12329.7082013665,10330.124641047267,83.01246410472669,0.0,12412.720665471226,15.36,0.72,0.0,0.0,5.0,5.0
18,0,train_0059,12456.28482752278,10680.020104718322,118.0020104718322,0.0,12574.286837994612,15.1,0.68,0.0,0.0,5.0,5.0
19,0,train_0178,12212.123667222848,10184.494026980181,68.44940269801809,0.0,12280.573069920865,15.74,0.62,0.0,0.0,5.0,5.0
20,0,train_0099,12177.777647186591,9957.966186132697,45.79661861326968,0.0,12223.57426579986,16.84,0.56,0.0,0.0,5.0,5.0
21,0,train_0580,12849.396202332495,10584.32805980145,108.43280598014499,0.0,12957.82900831264,16.1,0.66,0.0,0.0,5.0,5.0
22,0,train_0436,12426.505500844436,10579.918486982122,107.99184869821221,0.0,12534.497349542647,16.56,0.8,0.0,0.0,5.0,5.0
23,0,train_0551,12161.28492462965,10104.899965108092,60.48999651080922,0.0,12221.774921140459,14.98,0.66,0.0,0.0,5.0,5.0
24,0,train_0169,12115.01868725732,10136.771367410816,63.67713674108163,0.0,12178.695823998401,15.82,0.66,0.0,0.0,5.0,5.0
25,0,train_0381,12037.432963427571,10251.973389135044,75.19733891350442,0.0,12112.630302341075,15.52,0.64,0.0,0.0,5.0,5.0
26,0,train_0362,12133.931647963676,10235.009346223043,73.50093462230434,0.0,12207.432582585981,15.78,0.68,0.0,0.0,5.0,5.0
27,0,train_0451,12892.813980273646,10383.629311745652,88.36293117456518,0.0,12981.17691144821,17.26,0.74,0.0,0.0,5.0,5.0
28,0,train_0070,11780.366017165474,10008.165979181184,50.816597918118354,0.0,11831.182615083591,14.34,0.62,0.0,0.0,5.0,5.0
29,0,train_0309,12457.63926033099,10287.12493780207,78.71249378020694,0.0,12536.351754111198,14.38,0.72,0.0,0.0,5.0,5.0
30,0,train_0386,12475.504152521607,10202.24085381657,70.22408538165692,0.0,12545.728237903264,14.86,0.58,0.0,0.0,5.0,5.0
31,0,train_0495,12067.57788256459,10597.319360271387,109.73193602713873,0.0,12177.30981859173,19.12,0.84,0.0,0.0,5.0,5.0
32,0,train_0393,12195.160680697945,10608.190627609638,110.81906276096379,0.0,12305.979743458909,13.52,0.54,0.0,0.0,5.0,5.0
33,0,train_0269,11947.018484043723,9729.430185949017,22.943018594901698,0.0,11969.961502638625,14.72,0.58,0.0,0.0,5.0,5.0
34,0,train_0276,12086.314598332332,10330.819922444978,83.08199224449783,0.0,12169.39659057683,13.42,0.72,0.0,0.0,5.0,5.0
35,0,train_0203,12704.290561833339,10890.504728140768,139.05047281407678,0.0,12843.341034647416,14.34,0.6,0.0,0.0,5.0,5.0
36,0,train_0094,11951.986650949435,9912.706329386569,41.27063293865686,0.0,11993.257283888091,18.14,0.58,0.0,0.0,5.0,5.0
37,0,train_0166,12160.681661733937,10232.747063024275,73.27470630242752,0.0,12233.956368036364,15.08,0.68,0.0,0.0,5.0,5.0
38,0,train_0087,12548.711739591716,10731.319079411722,123.13190794117219,0.0,12671.843647532887,15.6,0.62,0.0,0.0,5.0,5.0
39,0,train_0135,12489.709829520707,10400.50051193537,90.050051193537,0.0,12579.759880714244,16.46,0.66,0.0,0.0,5.0,5.0
40,0,train_0512,12524.015655918047,10106.639836680255,60.66398366802551,0.0,12584.679639586073,15.6,0.62,0.0,0.0,5.0,5.0
41,0,train_0315,12855.858803321671,10466.706546666715,96.67065466667155,0.0,12952.529457988343,17.3,0.76,0.0,0.0,5.0,5.0
42,0,train_0054,12632.636032134407,10039.276554036162,53.92765540361616,0.0,12686.563687538024,17.3,0.72,0.0,0.0,5.0,5.0
43,0,train_0258,12687.109034388555,10918.42088395813,141.84208839581297,0.0,12828.951122784369,15.3,0.64,0.0,0.0,5.0,5.0
44,0,train_0162,11757.824536290784,9948.072096121408,44.80720961214084,0.0,11802.631745902925,16.62,0.6,0.0,0.0,5.0,5.0
45,0,train_0397,12196.393267155905,10452.915285259298,95.29152852592979,0.0,12291.684795681835,15.8,0.72,0.0,0.0,5.0,5.0
46,0,train_0498,12521.653961358683,10694.550794732579,119.45507947325787,0.0,12641.109040831941,16.06,0.64,0.0,0.0,5.0,5.0
47,0,train_0007,13386.41765474315,11270.786445856444,177.07864458564438,0.0,13563.496299328795,15.62,0.58,0.0,0.0,5.0,5.0
48,0,train_0279,12196.307442992205,10334.24214075827,83.42421407582697,0.0,12279.731657068032,17.58,0.7,0.0,0.0,5.0,5.0
49,0,train_0268,12465.843763572415,10557.649523390297,105.7649523390297,0.0,12571.608715911445,15.86,0.72,0.0,0.0,5.0,5.0
50,0,train_0594,12295.344617765555,9927.844592798408,42.78445927984085,0.0,12338.129077045396,17.76,0.68,0.0,0.0,5.0,5.0
51,0,train_0219,12605.73934902321,10432.484514602365,93.24845146023654,0.0,12698.987800483446,15.76,0.66,0.0,0.0,5.0,5.0
52,0,train_0099,11695.516734962805,10264.665264487936,76.4665264487936,0.0,11771.983261411599,18.78,0.64,0.0,0.0,5.0,5.0
53,0,train_0117,12247.012007944555,9785.889132387456,28.58891323874559,0.0,12275.6009211833,15.8,0.7,0.0,0.0,5.0,5.0
54,0,train_0286,12928.757003865125,10694.262741262337,119.4262741262337,0.0,13048.183277991358,15.74,0.7,0.0,0.0,5.0,5.0
55,0,train_0356,12760.692448461326,10247.928122414774,74.79281224147745,0.0,12835.485260702804,16.12,0.62,0.0,0.0,5.0,5.0
56,0,train_0195,12703.66593805734,10837.235418476444,133.72354184764444,0.0,12837.389479904985,19.22,0.62,0.0,0.0,5.0,5.0
57,0,train_0261,12336.606742947351,10574.481823751994,107.4481823751994,0.0,12444.05492532255,16.32,0.84,0.0,0.0,5.0,5.0
58,0,train_0397,11837.27315305468,10548.586124304029,104.8586124304029,0.0,11942.131765485083,15.02,0.68,0.0,0.0,5.0,5.0
59,0,train_0179,12367.73102041504,10283.753296883733,78.37532968837331,0.0,12446.106350103413,14.42,0.64,0.0,0.0,5.0,5.0
60,0,train_0578,12239.615205981021,10237.479310254052,73.74793102540517,0.0,12313.363137006427,19.82,0.6,0.0,0.0,5.0,5.0
61,0,train_0125,11867.734562747857,10288.448074333384,78.84480743333843,0.0,11946.579370181196,17.36,0.56,0.0,0.0,5.0,5.0
62,0,train_0561,12349.042862116026,10845.495177167395,134.5495177167395,0.0,12483.592379832766,15.42,0.6,0.0,0.0,5.0,5.0
63,0,train_0524,11911.52141519875,10183.449402481408,68.34494024814084,0.0,11979.86635544689,16.94,0.68,0.0,0.0,5.0,5.0
64,0,train_0574,12604.454070031996,10485.667600575918,98.56676005759182,0.0,12703.020830089588,14.08,0.72,0.0,0.0,5.0,5.0
65,0,train_0478,12468.119992058462,10317.245411999465,81.72454119994654,0.0,12549.844533258409,16.32,0.58,0.0,0.0,5.0,5.0
66,0,train_0317,12470.324014878077,10225.475354691347,72.54753546913471,0.0,12542.871550347212,14.06,0.6,0.0,0.0,5.0,5.0
67,0,train_0364,12742.380345514157,10299.908389582186,79.9908389582186,0.0,12822.371184472375,18.84,0.66,0.0,0.0,5.0,5.0
68,0,train_0124,12385.437847236051,10874.636099437103,137.46360994371025,0.0,12522.901457179762,17.4,0.74,0.0,0.0,5.0,5.0
69,0,train_0207,11868.827169839487,10091.497855545313,59.14978555453126,0.0,11927.976955394019,14.34,0.74,0.0,0.0,5.0,5.0
70,0,train_0277,12264.080592052303,10297.741776329993,79.77417763299928,0.0,12343.854769685302,15.5,0.7,0.0,0.0,5.0,5.0
71,0,train_0568,12766.10573517139,10903.757154119638,140.37571541196377,0.0,12906.481450583353,17.44,0.56,0.0,0.0,5.0,5.0
72,0,train_0476,12400.695508003953,10372.983691357458,87.29836913574582,0.0,12487.9938771397,18.72,0.7,0.0,0.0,5.0,5.0
73,0,train_0338,12306.522966250088,10623.058296054869,112.3058296054869,0.0,12418.828795855574,15.46,0.64,0.0,0.0,5.0,5.0
74,0,train_0357,12144.600773228818,10006.235936830784,50.62359368307844,0.0,12195.224366911896,15.66,0.76,0.0,0.0,5.0,5.0
75,0,train_0259,12527.97332691208,10655.744569411527,115.57445694115268,0.0,12643.547783853233,15.3,0.66,0.0,0.0,5.0,5.0
76,0,train_0251,12375.758943693934,10421.454499174559,92.14544991745589,0.0,12467.90439361139,13.9,0.66,0.0,0.0,5.0,5.0
77,0,train_0540,12579.870689456864,10430.100226071358,93.01002260713577,0.0,12672.880712064,15.56,0.68,0.0,0.0,5.0,5.0
78,0,train_0002,12620.780904029907,10049.269373850213,54.926937385021304,0.0,12675.70784141493,13.86,0.68,0.0,0.0,5.0,5.0
79,0,train_0191,12359.516174066928,10733.167398637428,123.31673986374281,0.0,12482.832913930672,15.16,0.66,0.0,0.0,5.0,5.0
80,0,train_0245,12413.21415640072,9989.655182195767,48.96551821957674,0.0,12462.179674620296,16.06,0.66,0.0,0.0,5.0,5.0
81,0,train_0417,12172.004522368432,10189.023074694658,68.90230746946581,0.0,12240.906829837897,15.32,0.66,0.0,0.0,5.0,5.0
82,0,train_0247,12374.28300933892,10676.818457794183,117.6818457794183,0.0,12491.964855118338,16.24,0.6,0.0,0.0,5.0,5.0
83,0,train_0188,12744.721350779419,10330.823390651949,83.0823390651949,0.0,12827.803689844613,15.62,0.58,0.0,0.0,5.0,5.0
84,0,train_0047,12336.763338212659,10065.513065285068,56.55130652850676,0.0,12393.314644741165,14.46,0.66,0.0,0.0,5.0,5.0
85,0,train_0156,12400.29189412515,10447.674022873163,94.76740228731633,0.0,12495.059296412466,17.26,0.6,0.0,0.0,5.0,5.0
86,0,train_0063,12449.297539001895,10877.188054823211,137.71880548232113,0.0,12587.016344484216,16.06,0.62,0.0,0.0,5.0,5.0
87,0,train_0420,12374.152595035514,10360.36757356132,86.03675735613197,0.0,12460.189352391646,15.12,0.62,0.0,0.0,5.0,5.0
88,0,train_0256,12542.779374048929,10356.593560959122,85.65935609591216,0.0,12628.43873014484,16.2,0.7,0.0,0.0,5.0,5.0
89,0,train_0136,12258.348551615032,10440.86279223438,94.08627922343804,0.0,12352.43483083847,17.86,0.7,0.0,0.0,5.0,5.0
90,0,train_0324,12431.80913020766,10201.765101354304,70.17651013543036,0.0,12501.98564034309,14.32,0.68,0.0,0.0,5.0,5.0
91,0,train_0295,12467.615129143875,10080.087284819052,58.0087284819052,0.0,12525.62385762578,16.72,0.58,0.0,0.0,5.0,5.0
92,0,train_0283,12499.018043619606,10337.628213562286,83.7628213562286,0.0,12582.780864975835,15.92,0.72,0.0,0.0,5.0,5.0
93,0,train_0348,12753.14904184813,10358.481259806154,85.84812598061545,0.0,12838.997167828746,16.72,0.72,0.0,0.0,5.0,5.0
94,0,train_0375,12536.48898080305,10490.564900595562,99.05649005955621,0.0,12635.545470862606,15.46,0.66,0.0,0.0,5.0,5.0
95,0,train_0113,12203.748273529553,10304.581469274368,80.4581469274368,0.0,12284.206420456989,16.46,0.74,0.0,0.0,5.0,5.0
96,0,train_0093,12079.942885560147,10008.026294661868,50.80262946618677,0.0,12130.745515026334,17.8,0.72,0.0,0.0,5.0,5.0
97,0,train_0438,12264.29832545574,10363.363396406956,86.3363396406956,0.0,12350.634665096435,16.36,0.64,0.0,0.0,5.0,5.0
98,0,train_0583,12205.11338281837,10403.780186538392,90.37801865383918,0.0,12295.491401472209,16.04,0.58,0.0,0.0,5.0,5.0
99,0,train_0329,12378.08413875695,10338.995625166062,83.89956251660624,0.0,12461.983701273557,16.9,0.68,0.0,0.0,5.0,5.0
100,0,train_0270,12368.238342708471,10446.24430346888,94.62443034688805,0.0,12462.86277305536,16.16,0.74,0.0,0.0,5.0,5.0
101,0,train_0372,12596.408368496519,10712.610207024682,121.26102070246816,0.0,12717.669389198987,16.94,0.74,0.0,0.0,5.0,5.0
102,0,train_0020,12865.63883898356,10622.5338466121,112.25338466120994,0.0,12977.892223644769,15.78,0.62,0.0,0.0,5.0,5.0
103,0,train_0223,12330.160459631155,10409.3594457591,90.93594457591007,0.0,12421.096404207066,15.28,0.58,0.0,0.0,5.0,5.0
104,0,train_0215,12416.595842003107,10719.073081803184,121.90730818031844,0.0,12538.503150183426,16.54,0.68,0.0,0.0,5.0,5.0
105,0,train_0252,12092.650195091876,10372.727048456753,87.27270484567526,0.0,12179.92289993755,14.52,0.76,0.0,0.0,5.0,5.0
106,0,train_0446,11975.926240302779,10330.867162544226,83.08671625442258,0.0,12059.0129565572,16.4,0.68,0.0,0.0,5.0,5.0
107,0,train_0296,12653.064008960515,10365.428342779356,86.54283427793563,0.0,12739.60684323845,15.64,0.68,0.0,0.0,5.0,5.0
108,0,train_0513,12294.60636934398,10287.549415495972,78.75494154959725,0.0,12373.361310893577,15.78,0.64,0.0,0.0,5.0,5.0
109,0,train_0281,12738.468794374843,10611.816125707188,111.1816125707188,0.0,12849.650406945562,16.14,0.72,0.0,0.0,5.0,5.0
110,0,train_0020,12794.184965722474,10781.287477904174,128.1287477904174,0.0,12922.31371351289,13.42,0.68,0.0,0.0,5.0,5.0
111,0,train_0405,12807.247234717925,10687.56117208657,118.75611720865709,0.0,12926.003351926582,15.62,0.66,0.0,0.0,5.0,5.0
112,0,train_0478,12324.838728358887,10603.883444402378,110.38834444023779,0.0,12435.227072799125,16.64,0.66,0.0,0.0,5.0,5.0
113,0,train_0346,12748.985953397158,10682.161285365764,118.21612853657643,0.0,12867.202081933734,16.02,0.66,0.0,0.0,5.0,5.0
114,0,train_0562,12144.336330196618,10814.049818415278,131.40498184152784,0.0,12275.741312038146,14.18,0.58,0.0,0.0,5.0,5.0
115,0,train_0249,12504.231492656907,10549.18881744362,104.91888174436208,0.0,12609.15037440127,16.0,0.56,0.0,0.0,5.0,5.0
116,0,train_0478,12637.778022605764,10253.104383648773,75.31043836487734,0.0,12713.08846097064,16.34,0.68,0.0,0.0,5.0,5.0
117,0,train_0001,12345.943819897184,10055.181523029543,55.518152302954334,0.0,12401.461972200139,13.62,0.66,0.0,0.0,5.0,5.0
118,0,train_0023,12380.352146355472,9911.141430018017,41.11414300180168,0.0,12421.466289357273,15.64,0.72,0.0,0.0,5.0,5.0
119,0,train_0476,12355.1544311913,10472.206569445674,97.22065694456742,0.0,12452.375088135868,20.06,0.68,0.0,0.0,5.0,5.0
120,0,train_0524,11911.13898500173,9967.464373533478,46.74643735334776,0.0,11957.885422355077,17.02,0.66,0.0,0.0,5.0,5.0
121,0,train_0311,12619.131664936347,10589.86723073048,108.98672307304805,0.0,12728.118388009396,15.92,0.72,0.0,0.0,5.0,5.0
122,0,train_0451,12348.336195193448,10719.510976980135,121.95109769801348,0.0,12470.28729289146,16.46,0.62,0.0,0.0,5.0,5.0
123,0,train_0195,12713.577657360134,10673.109864006161,117.3109864006161,0.0,12830.88864376075,18.48,0.76,0.0,0.0,5.0,5.0
124,0,train_0436,12732.720236493464,10624.454567147794,112.44545671477937,0.0,12845.165693208242,16.4,0.6,0.0,0.0,5.0,5.0
125,0,train_0299,12235.098205152224,10411.78244196458,91.17824419645804,0.0,12326.276449348683,14.32,0.68,0.0,0.0,5.0,5.0
126,0,train_0182,12721.32157349287,10852.080418634494,135.2080418634494,0.0,12856.52961535632,16.46,0.7,0.0,0.0,5.0,5.0
127,0,train_0056,11922.575996528665,10127.26980547489,62.72698054748908,0.0,11985.302977076155,17.2,0.72,0.0,0.0,5.0,5.0
128,0,train_0104,12267.92803950732,10405.745051564572,90.57450515645723,0.0,12358.502544663777,17.08,0.62,0.0,0.0,5.0,5.0
129,0,train_0542,12040.831517401311,10410.921328918675,91.09213289186755,0.0,12131.923650293178,14.96,0.7,0.0,0.0,5.0,5.0
130,0,train_0266,12610.362354930134,10495.596168705488,99.55961687054878,0.0,12709.921971800683,15.98,0.68,0.0,0.0,5.0,5.0
131,0,train_0593,12190.04292773982,10501.54489405975,100.15448940597508,0.0,12290.197417145795,14.04,0.68,0.0,0.0,5.0,5.0
132,0,train_0211,12392.103086970685,10504.148946452156,100.41489464521565,0.0,12492.5179816159,17.24,0.72,0.0,0.0,5.0,5.0
133,0,train_0035,12895.682305151378,10814.214858049841,131.42148580498414,0.0,13027.103790956362,17.9,0.62,0.0,0.0,5.0,5.0
134,0,train_0153,12133.258675267942,10517.870671771569,101.78706717715687,0.0,12235.045742445098,17.98,0.56,0.0,0.0,5.0,5.0
135,0,train_0214,12221.944924004005,10083.896842242564,58.38968422425642,0.0,12280.33460822826,16.02,0.62,0.0,0.0,5.0,5.0
136,0,train_0420,12287.878113453378,10494.873510509462,99.4873510509462,0.0,12387.365464504324,15.54,0.8,0.0,0.0,5.0,5.0
137,0,train_0438,11961.670384557317,10688.40437452804,118.84043745280397,0.0,12080.510822010121,17.48,0.66,0.0,0.0,5.0,5.0
138,0,train_0442,12807.672449167068,10619.845318888447,111.98453188884469,0.0,12919.656981055912,14.84,0.7,0.0,0.0,5.0,5.0
139,0,train_0188,12422.205530784764,10540.545964793075,104.05459647930748,0.0,12526.260127264071,15.22,0.74,0.0,0.0,5.0,5.0
140,0,train_0228,12489.59301473103,10138.589599327799,63.85895993277991,0.0,12553.45197466381,14.48,0.68,0.0,0.0,5.0,5.0
141,0,train_0340,12538.922656581217,10087.478241631663,58.7478241631663,0.0,12597.670480744384,16.62,0.58,0.0,0.0,5.0,5.0
142,0,train_0363,12632.308098260652,10396.604219507983,89.66042195079827,0.0,12721.96852021145,15.24,0.62,0.0,0.0,5.0,5.0
143,0,train_0249,12314.582601872838,10661.28900747821,116.12890074782099,0.0,12430.71150262066,16.8,0.56,0.0,0.0,5.0,5.0
144,0,train_0114,12416.63610679002,10384.97028062659,88.49702806265906,0.0,12505.133134852678,16.08,0.7,0.0,0.0,5.0,5.0
145,0,train_0464,12385.2364194082,10483.8566219317,98.38566219316999,0.0,12483.62208160137,16.32,0.64,0.0,0.0,5.0,5.0
146,0,train_0312,12005.445631719449,10299.467311378456,79.94673113784557,0.0,12085.392362857294,15.66,0.7,0.0,0.0,5.0,5.0
147,0,train_0575,12960.563060900196,10430.638568186248,93.06385681862486,0.0,13053.62691771882,17.3,0.7,0.0,0.0,5.0,5.0
148,0,train_0567,13298.107526099688,10712.427071742697,121.24270717426971,0.0,13419.350233273957,16.86,0.64,0.0,0.0,5.0,5.0
149,0,train_0533,12235.183068352617,10003.446868638643,50.34468686386427,0.0,12285.52775521648,17.26,0.7,0.0,0.0,5.0,5.0
150,0,train_0576,12402.681155281018,10054.305351097739,55.430535109773885,0.0,12458.111690390791,14.22,0.6,0.0,0.0,5.0,5.0
151,0,train_0372,12596.130062701237,10667.775297691032,116.77752976910324,0.0,12712.90759247034,16.84,0.7,0.0,0.0,5.0,5.0
152,0,train_0178,12406.889300889368,10254.047054581879,75.40470545818789,0.0,12482.294006347556,14.36,0.78,0.0,0.0,5.0,5.0
153,0,train_0096,12690.489003615727,10391.780321592261,89.17803215922613,0.0,12779.667035774954,16.5,0.72,0.0,0.0,5.0,5.0
154,0,train_0063,12581.686585057683,10625.520905298627,112.55209052986265,0.0,12694.238675587545,16.0,0.5,0.0,0.0,5.0,5.0
155,0,train_0568,12683.300134646528,10550.791266504288,105.07912665042878,0.0,12788.379261296957,16.9,0.74,0.0,0.0,5.0,5.0
156,0,train_0162,11807.054726642386,9991.46260053819,49.14626005381906,0.0,11856.200986696205,16.28,0.62,0.0,0.0,5.0,5.0
157,0,train_0014,12393.333533679452,10509.718994089304,100.97189940893041,0.0,12494.305433088382,17.64,0.66,0.0,0.0,5.0,5.0
158,0,train_0022,12561.950771077645,10433.10658000601,93.31065800060097,0.0,12655.261429078246,16.28,0.62,0.0,0.0,5.0,5.0
159,0,train_0178,12233.38703769352,10269.100644388329,76.91006443883289,0.0,12310.297102132352,13.92,0.68,0.0,0.0,5.0,5.0
160,0,train_0587,12519.096196455332,10063.25766409015,56.32576640901498,0.0,12575.421962864346,16.78,0.66,0.0,0.0,5.0,5.0
161,0,train_0168,12431.739108588608,10899.19515783317,139.919515783317,0.0,12571.658624371925,15.68,0.72,0.0,0.0,5.0,5.0
162,0,train_0061,12310.776435586007,10623.28149305585,112.32814930558507,0.0,12423.104584891593,16.58,0.54,0.0,0.0,5.0,5.0
163,0,train_0403,12800.714377299999,10715.899002977289,121.58990029772886,0.0,12922.304277597728,13.74,0.72,0.0,0.0,5.0,5.0
164,0,train_0035,12930.336919586513,11082.00420846363,158.200420846363,0.0,13088.537340432875,16.88,0.7,0.0,0.0,5.0,5.0
165,0,train_0292,12506.29647859691,10367.661381604426,86.76613816044265,0.0,12593.062616757354,16.76,0.56,0.0,0.0,5.0,5.0
166,0,train_0051,12692.431725757462,10305.877239638041,80.5877239638041,0.0,12773.019449721267,16.28,0.66,0.0,0.0,5.0,5.0
167,0,train_0055,12657.959940818724,10383.490002289862,88.3490002289862,0.0,12746.30894104771,15.0,0.7,0.0,0.0,5.0,5.0
168,0,train_0216,12187.945208892572,10076.657906276732,57.66579062767323,0.0,12245.610999520246,18.9,0.78,0.0,0.0,5.0,5.0
169,0,train_0007,13107.461993060027,10888.845728832941,138.8845728832941,0.0,13246.346565943322,14.84,0.7,0.0,0.0,5.0,5.0
170,0,train_0510,13086.892028403632,10415.308513783337,91.5308513783337,0.0,13178.422879781965,16.74,0.7,0.0,0.0,5.0,5.0
171,0,train_0362,12100.116249978317,10337.176243609681,83.71762436096816,0.0,12183.833874339285,16.56,0.6,0.0,0.0,5.0,5.0
172,0,train_0560,12251.185553275633,10522.091068765845,102.20910687658453,0.0,12353.394660152217,17.74,0.64,0.0,0.0,5.0,5.0
173,0,train_0294,12143.537178836714,10325.600489408771,82.5600489408771,0.0,12226.09722777759,14.88,0.64,0.0,0.0,5.0,5.0
174,0,train_0333,12613.155201367743,10599.149332343548,109.9149332343548,0.0,12723.070134602098,14.96,0.78,0.0,0.0,5.0,5.0
175,0,train_0360,12397.98528265121,10076.779295603828,57.677929560382836,0.0,12455.663212211593,15.06,0.64,0.0,0.0,5.0,5.0
176,0,train_0279,12457.144285478777,10536.328365917758,103.63283659177578,0.0,12560.777122070553,15.74,0.7,0.0,0.0,5.0,5.0
177,0,train_0338,12606.866540167422,10174.931743503377,67.49317435033772,0.0,12674.359714517761,16.8,0.72,0.0,0.0,5.0,5.0
178,0,train_0343,13132.779968609757,10704.890266236749,120.48902662367492,0.0,13253.268995233431,16.64,0.68,0.0,0.0,5.0,5.0
179,0,train_0534,12151.629933093109,10497.319023582759,99.73190235827587,0.0,12251.361835451386,16.06,0.78,0.0,0.0,5.0,5.0
180,0,train_0182,12833.967492815309,10550.50590319532,105.05059031953206,0.0,12939.01808313484,14.78,0.64,0.0,0.0,5.0,5.0
181,0,train_0551,12084.821417840776,10178.311404560369,67.83114045603689,0.0,12152.652558296813,16.0,0.72,0.0,0.0,5.0,5.0
182,0,train_0103,12164.479532890757,10347.892339320675,84.78923393206752,0.0,12249.268766822825,16.24,0.76,0.0,0.0,5.0,5.0
183,0,train_0112,12486.882423085648,10391.260447982306,89.12604479823058,0.0,12576.00846788388,15.92,0.74,0.0,0.0,5.0,5.0
184,0,train_0153,12233.058445984647,10444.398472378422,94.43984723784216,0.0,12327.498293222488,16.74,0.6,0.0,0.0,5.0,5.0
185,0,train_0565,12724.723060678989,10580.10599154199,108.01059915419901,0.0,12832.733659833188,15.9,0.62,0.0,0.0,5.0,5.0
186,0,train_0146,12199.961414722999,10367.526286367443,86.75262863674435,0.0,12286.714043359743,15.34,0.8,0.0,0.0,5.0,5.0
187,0,train_0472,12602.277093409288,10323.942048030995,82.39420480309946,0.0,12684.671298212386,16.22,0.7,0.0,0.0,5.0,5.0
188,0,train_0349,12226.018873014546,10124.535395854813,62.45353958548131,0.0,12288.472412600027,16.7,0.62,0.0,0.0,5.0,5.0
189,0,train_0383,12119.02697215882,10163.00933023154,66.300933023154,0.0,12185.327905181974,15.68,0.58,0.0,0.0,5.0,5.0
190,0,train_0046,12192.914716722811,10182.784151148117,68.27841511481165,0.0,12261.193131837623,17.02,0.68,0.0,0.0,5.0,5.0
191,0,train_0395,12124.076869373132,10388.31854493195,88.831854493195,0.0,12212.908723866327,15.8,0.66,0.0,0.0,5.0,5.0
192,1,train_0041,12220.716888714742,10449.080528597413,94.9080528597413,0.0,12315.624941574482,14.26,0.68,0.0,0.0,5.0,5.0
193,1,train_0327,12786.387661445395,10259.201026519082,75.92010265190821,0.0,12862.307764097302,16.54,0.62,0.0,0.0,5.0,5.0
194,1,train_0472,12589.09128691374,10995.309566088688,149.53095660886885,0.0,12738.622243522608,15.98,0.64,0.0,0.0,5.0,5.0
195,1,train_0550,12369.383299475498,10285.842643052829,78.58426430528289,0.0,12447.967563780781,17.32,0.64,0.0,0.0,5.0,5.0
196,1,train_0593,12523.932724886787,9985.199752984332,48.5199752984332,0.0,12572.45270018522,13.86,0.82,0.0,0.0,5.0,5.0
197,1,train_0139,12446.370212216774,10020.99674503328,52.09967450332806,0.0,12498.469886720102,14.44,0.72,0.0,0.0,5.0,5.0
198,1,train_0460,12864.558168859792,9967.980100170418,46.79801001704182,0.0,12911.356178876835,15.38,0.64,0.0,0.0,5.0,5.0
199,1,train_0359,12328.440921834459,10677.697437967152,117.7697437967152,0.0,12446.210665631173,15.24,0.74,0.0,0.0,5.0,5.0
200,1,train_0440,12798.606460331086,10748.264814254819,124.82648142548187,0.0,12923.432941756568,15.92,0.7,0.0,0.0,5.0,5.0
201,1,train_0488,12359.80653608463,10628.295619125189,112.82956191251888,0.0,12472.636097997149,14.46,0.5,0.0,0.0,5.0,5.0
202,1,train_0284,12186.071604818488,10711.46205570771,121.14620557077106,0.0,12307.217810389258,15.28,0.48,0.0,0.0,5.0,5.0
203,1,train_0080,12583.956473157563,10570.183960347851,107.01839603478511,0.0,12690.974869192349,16.28,0.66,0.0,0.0,5.0,5.0
204,1,train_0473,12135.218553918188,10356.897437468428,85.68974374684277,0.0,12220.908297665032,18.18,0.6,0.0,0.0,5.0,5.0
205,1,train_0369,12276.679453366778,10360.800826510025,86.08008265100253,0.0,12362.75953601778,15.02,0.68,0.0,0.0,5.0,5.0
206,1,train_0080,12601.10081391998,10553.961158305254,105.39611583052539,0.0,12706.496929750505,14.28,0.62,0.0,0.0,5.0,5.0
207,1,train_0241,12321.66254966386,10212.97605401919,71.29760540191891,0.0,12392.960155065779,15.38,0.58,0.0,0.0,5.0,5.0
208,1,train_0087,12390.768220571743,11215.73706581572,171.57370658157197,0.0,12562.341927153315,15.74,0.58,0.0,0.0,5.0,5.0
209,1,train_0459,12305.678297856759,10655.49981449272,115.54998144927195,0.0,12421.228279306031,16.44,0.74,0.0,0.0,5.0,5.0
210,1,train_0200,12500.377478617385,10342.481825830346,84.24818258303458,0.0,12584.62566120042,16.7,0.7,0.0,0.0,5.0,5.0
211,1,train_0040,12744.065340998592,10597.441875142831,109.74418751428311,0.0,12853.809528512875,16.84,0.72,0.0,0.0,5.0,5.0
212,1,train_0170,12111.142489075759,10155.409375795221,65.54093757952215,0.0,12176.683426655281,16.76,0.68,0.0,0.0,5.0,5.0
213,1,train_0364,12212.11355011032,10723.734963346771,122.37349633467711,0.0,12334.487046444998,18.86,0.7,0.0,0.0,5.0,5.0
214,1,train_0354,12019.493213935688,10151.308703895334,65.13087038953346,0.0,12084.624084325222,16.08,0.7,0.0,0.0,5.0,5.0
215,1,train_0514,12121.992750938054,10667.835970144464,116.78359701444643,0.0,12238.7763479525,14.4,0.52,0.0,0.0,5.0,5.0
216,1,train_0216,12246.91576895658,10346.414349998335,84.64143499983348,0.0,12331.557203956414,18.02,0.78,0.0,0.0,5.0,5.0
217,1,train_0377,11978.02128740023,10818.594550703281,131.85945507032812,0.0,12109.880742470557,18.08,0.64,0.0,0.0,5.0,5.0
218,1,train_0566,12407.984292396606,9922.273985397187,42.227398539718706,0.0,12450.211690936325,13.46,0.72,0.0,0.0,5.0,5.0
219,1,train_0192,12629.835007311107,10343.486582439016,84.34865824390164,0.0,12714.183665555009,17.18,0.74,0.0,0.0,5.0,5.0
220,1,train_0018,12687.510372815186,10345.293361086082,84.52933610860819,0.0,12772.039708923794,16.44,0.74,0.0,0.0,5.0,5.0
221,1,train_0393,12400.946696084577,10372.936959839353,87.29369598393532,0.0,12488.240392068512,13.76,0.6,0.0,0.0,5.0,5.0
222,1,train_0360,12402.956929001139,10389.946342467649,88.99463424676487,0.0,12491.951563247903,15.7,0.7,0.0,0.0,5.0,5.0
223,1,train_0202,12462.505290603787,10587.360958589545,108.73609585895447,0.0,12571.241386462742,15.34,0.66,0.0,0.0,5.0,5.0
224,1,train_0337,11979.315237294057,10319.283652418399,81.92836524183986,0.0,12061.243602535897,17.8,0.64,0.0,0.0,5.0,5.0
225,1,train_0401,12069.47179182061,9987.373253057087,48.737325305708694,0.0,12118.209117126318,17.02,0.64,0.0,0.0,5.0,5.0
226,1,train_0490,12017.705104289118,10271.829710207656,77.18297102076559,0.0,12094.888075309884,13.84,0.78,0.0,0.0,5.0,5.0
227,1,train_0077,12016.483236379867,10368.082289598087,86.80822895980873,0.0,12103.291465339677,15.8,0.64,0.0,0.0,5.0,5.0
228,1,train_0282,12107.906401815157,10206.978443575596,70.69784435755956,0.0,12178.604246172716,16.14,0.68,0.0,0.0,5.0,5.0
229,1,train_0167,12332.962040919921,10181.052224848485,68.1052224848485,0.0,12401.06726340477,15.62,0.64,0.0,0.0,5.0,5.0
230,1,train_0200,12549.419609179182,10248.482989602648,74.84829896026477,0.0,12624.267908139447,16.9,0.72,0.0,0.0,5.0,5.0
231,1,train_0019,12454.354213006314,10612.76175607685,111.27617560768505,0.0,12565.630388614,15.3,0.66,0.0,0.0,5.0,5.0
232,1,train_0253,11896.771748846264,10262.814822353736,76.28148223537356,0.0,11973.053231081638,17.48,0.72,0.0,0.0,5.0,5.0
233,1,train_0050,12465.570219417892,10193.43353657159,69.34335365715906,0.0,12534.913573075051,15.66,0.56,0.0,0.0,5.0,5.0
234,1,train_0555,12090.193588044065,10341.731914991757,84.17319149917567,0.0,12174.366779543241,17.18,0.62,0.0,0.0,5.0,5.0
235,1,train_0332,12235.973457418422,9979.966182430928,47.99661824309278,0.0,12283.970075661515,16.66,0.72,0.0,0.0,5.0,5.0
236,1,train_0252,12122.101097025668,10599.155421754022,109.91554217540215,0.0,12232.01663920107,15.22,0.74,0.0,0.0,5.0,5.0
237,1,train_0139,12166.236749957905,10410.936742913625,91.09367429136256,0.0,12257.330424249267,14.26,0.74,0.0,0.0,5.0,5.0
238,1,train_0563,12406.876444111254,10417.582513763515,91.75825137635148,0.0,12498.634695487606,15.8,0.68,0.0,0.0,5.0,5.0
239,1,train_0309,12588.591122154168,10240.025153839131,74.00251538391312,0.0,12662.59363753808,13.72,0.54,0.0,0.0,5.0,5.0
240,1,train_0591,12456.364761855528,10561.016294501278,106.1016294501278,0.0,12562.466391305656,15.74,0.72,0.0,0.0,5.0,5.0
241,1,train_0395,11984.457830835472,10326.630061965174,82.66300619651739,0.0,12067.12083703199,15.98,0.72,0.0,0.0,5.0,5.0
242,1,train_0596,12554.119408159135,10121.860362294825,62.18603622948249,0.0,12616.305444388618,15.06,0.72,0.0,0.0,5.0,5.0
243,1,train_0528,12378.540654654149,10535.398588769269,103.53985887692689,0.0,12482.080513531077,15.9,0.76,0.0,0.0,5.0,5.0
244,1,train_0445,12767.419057279854,11130.770966164957,163.0770966164957,0.0,12930.49615389635,18.88,0.66,0.0,0.0,5.0,5.0
245,1,train_0213,12174.01245063407,10565.023957476731,106.50239574767312,0.0,12280.514846381744,16.6,0.64,0.0,0.0,5.0,5.0
246,1,train_0466,12606.561642543547,10256.64100545358,75.6641005453581,0.0,12682.225743088906,18.08,0.66,0.0,0.0,5.0,5.0
247,1,train_0191,12568.586201587892,10556.798972053031,105.67989720530313,0.0,12674.266098793196,15.52,0.68,0.0,0.0,5.0,5.0
248,1,train_0515,12653.12903389109,10273.517149079442,77.3517149079442,0.0,12730.480748799033,15.84,0.76,0.0,0.0,5.0,5.0
249,1,train_0188,12484.572636205821,10437.321092773025,93.73210927730253,0.0,12578.304745483123,15.02,0.58,0.0,0.0,5.0,5.0
250,1,train_0046,12349.874968190587,9855.05367094674,35.505367094673964,0.0,12385.380335285261,18.04,0.8,0.0,0.0,5.0,5.0
251,1,train_0070,11970.44481807872,10104.952570706015,60.495257070601475,0.0,12030.940075149321,15.12,0.64,0.0,0.0,5.0,5.0
252,1,train_0272,12353.788256578353,10326.541253384294,82.65412533842937,0.0,12436.442381916782,15.78,0.7,0.0,0.0,5.0,5.0
253,1,train_0397,12424.258894790844,10052.945125952105,55.29451259521048,0.0,12479.553407386054,15.2,0.72,0.0,0.0,5.0,5.0
254,1,train_0173,12704.468815769953,10472.1017065983,97.21017065982997,0.0,12801.678986429783,17.64,0.76,0.0,0.0,5.0,5.0
255,1,train_0491,12213.900370324583,10503.773197397055,100.3773197397055,0.0,12314.27769006429,15.46,0.56,0.0,0.0,5.0,5.0
256,1,train_0153,12351.730764312237,10282.58672929374,78.25867292937401,0.0,12429.989437241611,15.96,0.62,0.0,0.0,5.0,5.0
257,1,train_0283,12531.171612253205,10450.50038215972,95.05003821597202,0.0,12626.221650469177,16.94,0.7,0.0,0.0,5.0,5.0
258,1,train_0201,12394.714393881914,10406.905854573837,90.69058545738372,0.0,12485.404979339297,17.42,0.7,0.0,0.0,5.0,5.0
259,1,train_0334,12585.746668406679,10318.766197669725,81.87661976697255,0.0,12667.62328817365,17.18,0.56,0.0,0.0,5.0,5.0
260,1,train_0113,12500.922833319852,10153.155904757852,65.31559047578521,0.0,12566.238423795638,17.48,0.66,0.0,0.0,5.0,5.0
261,1,train_0575,12880.732523845012,10678.327413770283,117.8327413770283,0.0,12998.56526522204,18.16,0.7,0.0,0.0,5.0,5.0
262,1,train_0555,12305.552563072077,10274.557984602257,77.45579846022575,0.0,12383.008361532302,15.8,0.7,0.0,0.0,5.0,5.0
263,1,train_0419,12607.745732224997,10331.266533950467,83.12665339504674,0.0,12690.872385620045,15.68,0.68,0.0,0.0,5.0,5.0
264,1,train_0318,12282.060739267052,10507.34332204443,100.73433220444295,0.0,12382.795071471495,15.78,0.74,0.0,0.0,5.0,5.0
265,1,train_0447,12268.03220559552,10436.109540535335,93.61095405353353,0.0,12361.643159649055,16.28,0.6,0.0,0.0,5.0,5.0
266,1,train_0281,12443.105885157453,10855.944754008742,135.59447540087422,0.0,12578.700360558327,15.52,0.74,0.0,0.0,5.0,5.0
267,1,train_0533,12094.308968665136,10211.549859957931,71.15498599579314,0.0,12165.463954660929,15.72,0.64,0.0,0.0,5.0,5.0
268,1,train_0039,12440.235677489307,10885.157909803616,138.51579098036163,0.0,12578.751468469669,16.14,0.72,0.0,0.0,5.0,5.0
269,1,train_0129,13036.254318301331,10521.36322018684,102.13632201868404,0.0,13138.390640320016,14.96,0.68,0.0,0.0,5.0,5.0
270,1,train_0273,12733.795927096216,10348.715647542776,84.87156475427764,0.0,12818.667491850494,17.0,0.74,0.0,0.0,5.0,5.0
271,1,train_0390,12568.154364236314,10533.65744571736,103.36574457173593,0.0,12671.52010880805,18.5,0.7,0.0,0.0,5.0,5.0
272,1,train_0424,12492.194761184202,10908.33733992368,140.83373399236808,0.0,12633.02849517657,18.06,0.68,0.0,0.0,5.0,5.0
273,1,train_0430,12268.20361932965,10463.345736473846,96.33457364738462,0.0,12364.538192977034,14.42,0.68,0.0,0.0,5.0,5.0
274,1,train_0564,12298.997185945671,10565.313107727277,106.53131077272775,0.0,12405.528496718398,16.5,0.74,0.0,0.0,5.0,5.0
275,1,train_0505,12787.84995217686,10174.934341050619,67.4934341050619,0.0,12855.343386281922,14.82,0.74,0.0,0.0,5.0,5.0
276,1,train_0549,12550.608968194783,10367.124495415665,86.71244954156646,0.0,12637.32141773635,18.4,0.76,0.0,0.0,5.0,5.0
277,1,train_0206,12858.582167826953,10410.900131112603,91.0900131112603,0.0,12949.672180938214,14.46,0.62,0.0,0.0,5.0,5.0
278,1,train_0417,12330.52076936643,10334.258944465319,83.42589444653186,0.0,12413.946663812963,15.52,0.68,0.0,0.0,5.0,5.0
279,1,train_0413,13119.883851880077,10316.730282689303,81.6730282689303,0.0,13201.556880149006,15.48,0.68,0.0,0.0,5.0,5.0
280,1,train_0362,12126.39054461697,10193.407670963203,69.34076709632028,0.0,12195.73131171329,15.7,0.7,0.0,0.0,5.0,5.0
281,1,train_0362,12217.81589770878,10103.416063951168,60.341606395116834,0.0,12278.157504103898,16.52,0.52,0.0,0.0,5.0,5.0
282,1,train_0315,12697.977175234626,10911.0530031707,141.10530031707003,0.0,12839.082475551695,15.38,0.7,0.0,0.0,5.0,5.0
283,1,train_0245,12088.144768217142,9976.476842803748,47.64768428037478,0.0,12135.792452497517,15.88,0.66,0.0,0.0,5.0,5.0
284,1,train_0082,12646.681282593096,10347.93059543809,84.79305954380908,0.0,12731.474342136904,16.34,0.58,0.0,0.0,5.0,5.0
285,1,train_0061,12618.503931165382,10055.316574994658,55.53165749946584,0.0,12674.035588664847,13.94,0.54,0.0,0.0,5.0,5.0
286,1,train_0001,12288.660133860176,10052.52117148508,55.252117148507935,0.0,12343.912251008684,13.28,0.66,0.0,0.0,5.0,5.0
287,1,train_0211,12324.195852179273,10904.833317480192,140.4833317480192,0.0,12464.679183927292,16.96,0.82,0.0,0.0,5.0,5.0
288,1,train_0223,12311.987084489465,10309.864383442824,80.9864383442824,0.0,12392.973522833747,16.02,0.76,0.0,0.0,5.0,5.0
289,1,train_0578,12337.54104743371,10391.370143496677,89.13701434966771,0.0,12426.678061783377,16.78,0.72,0.0,0.0,5.0,5.0
290,1,train_0145,12446.38127453807,10365.110132511432,86.51101325114324,0.0,12532.892287789213,14.5,0.64,0.0,0.0,5.0,5.0
291,1,train_0129,13027.748808554872,10481.70329168592,98.17032916859208,0.0,13125.919137723464,16.14,0.56,0.0,0.0,5.0,5.0
292,1,train_0026,12143.036913181953,10137.671370753993,63.7671370753993,0.0,12206.804050257353,15.18,0.56,0.0,0.0,5.0,5.0
293,1,train_0068,12631.629805801178,10427.663087770396,92.76630877703957,0.0,12724.396114578218,14.52,0.64,0.0,0.0,5.0,5.0
294,1,train_0394,12403.678740380197,10766.138490139398,126.61384901393977,0.0,12530.292589394137,15.52,0.62,0.0,0.0,5.0,5.0
295,1,train_0220,12484.922817547887,10276.85340681445,77.6853406814451,0.0,12562.608158229332,16.56,0.72,0.0,0.0,5.0,5.0
296,1,train_0371,12382.913058962047,10156.123205787551,65.61232057875513,0.0,12448.525379540803,15.58,0.68,0.0,0.0,5.0,5.0
297,1,train_0060,12306.56085624226,10524.7658910609,102.47658910609007,0.0,12409.037445348351,16.96,0.64,0.0,0.0,5.0,5.0
298,1,train_0457,12531.780059598654,10267.020975404766,76.70209754047664,0.0,12608.48215713913,16.06,0.64,0.0,0.0,5.0,5.0
299,1,train_0160,12515.058712938393,10282.494694721805,78.24946947218051,0.0,12593.308182410574,16.46,0.64,0.0,0.0,5.0,5.0
300,1,train_0035,12750.944916845216,10937.747773823197,143.77477738231974,0.0,12894.719694227535,17.76,0.66,0.0,0.0,5.0,5.0
301,1,train_0548,12708.471408149146,10251.702784475827,75.17027844758267,0.0,12783.641686596728,16.48,0.64,0.0,0.0,5.0,5.0
302,1,train_0215,12673.959675336799,10775.363241806674,127.53632418066736,0.0,12801.495999517467,16.3,0.64,0.0,0.0,5.0,5.0
303,1,train_0191,12593.90526448295,10337.212842967225,83.72128429672249,0.0,12677.626548779672,16.38,0.58,0.0,0.0,5.0,5.0
304,1,train_0028,12318.830926057148,10736.443583423283,123.64435834232827,0.0,12442.475284399476,17.9,0.7,0.0,0.0,5.0,5.0
305,1,train_0351,12963.517610618856,10446.879121611179,94.68791216111786,0.0,13058.205522779974,16.18,0.74,0.0,0.0,5.0,5.0
306,1,train_0167,12257.89027147349,10232.498902935367,73.24989029353674,0.0,12331.140161767027,16.48,0.5,0.0,0.0,5.0,5.0
307,1,train_0143,12591.008305802337,10523.21364690344,102.32136469034396,0.0,12693.329670492682,15.16,0.66,0.0,0.0,5.0,5.0
308,1,train_0405,12782.868647412164,10541.04408762146,104.10440876214598,0.0,12886.97305617431,16.4,0.62,0.0,0.0,5.0,5.0
309,1,train_0400,12727.329574166819,11140.571005358634,164.05710053586336,0.0,12891.386674702682,16.62,0.64,0.0,0.0,5.0,5.0
310,1,train_0087,12639.53296947233,10440.074957161569,94.00749571615688,0.0,12733.540465188486,16.2,0.68,0.0,0.0,5.0,5.0
311,1,train_0076,12603.695628614285,10229.706844204162,72.97068442041619,0.0,12676.6663130347,16.7,0.6,0.0,0.0,5.0,5.0
312,1,train_0145,12645.659886932133,10242.358527235456,74.23585272354558,0.0,12719.89573965568,13.52,0.62,0.0,0.0,5.0,5.0
313,1,train_0473,12424.68278487677,10189.862862494469,68.98628624944686,0.0,12493.669071126216,19.1,0.64,0.0,0.0,5.0,5.0
314,1,train_0159,12160.269528889654,10060.291398169376,56.029139816937644,0.0,12216.298668706591,16.6,0.66,0.0,0.0,5.0,5.0
315,1,train_0253,12050.474399056811,10161.999468523984,66.19994685239836,0.0,12116.67434590921,17.84,0.72,0.0,0.0,5.0,5.0
316,1,train_0077,12069.660331989937,10212.200916593512,71.22009165935124,0.0,12140.880423649289,14.96,0.56,0.0,0.0,5.0,5.0
317,1,train_0110,12257.29638029865,10405.986729672113,90.59867296721131,0.0,12347.895053265862,17.52,0.68,0.0,0.0,5.0,5.0
318,1,train_0399,12699.66677147775,10454.590951678745,95.45909516787452,0.0,12795.125866645625,12.82,0.54,0.0,0.0,5.0,5.0
319,1,train_0454,12789.399995106998,10641.492160364054,114.14921603640542,0.0,12903.549211143403,17.74,0.66,0.0,0.0,5.0,5.0
320,1,train_0519,12809.857050808168,10875.705165070689,137.5705165070689,0.0,12947.427567315237,17.8,0.6,0.0,0.0,5.0,5.0
321,1,train_0332,12070.77930091391,10183.02362733657,68.30236273365699,0.0,12139.081663647567,14.72,0.62,0.0,0.0,5.0,5.0
322,1,train_0166,12217.514339512127,10175.193720453935,67.51937204539354,0.0,12285.03371155752,14.14,0.7,0.0,0.0,5.0,5.0
323,1,train_0262,12784.136521810913,10401.124008019022,90.1124008019022,0.0,12874.248922612815,15.96,0.66,0.0,0.0,5.0,5.0
324,1,train_0093,12255.599414181659,9831.43100054819,33.14310005481894,0.0,12288.742514236477,17.86,0.74,0.0,0.0,5.0,5.0
325,1,train_0144,12983.440960662607,10925.959349421535,142.59593494215352,0.0,13126.03689560476,16.12,0.62,0.0,0.0,5.0,5.0
326,1,train_0288,11746.799774544439,10429.761612186325,92.97616121863248,0.0,11839.775935763071,16.92,0.58,0.0,0.0,5.0,5.0
327,1,train_0468,12059.002046844813,10382.045842897041,88.20458428970414,0.0,12147.206631134517,15.5,0.66,0.0,0.0,5.0,5.0
328,1,train_0155,12442.924035990702,10540.553613588432,104.05536135884323,0.0,12546.979397349545,17.04,0.56,0.0,0.0,5.0,5.0
329,1,train_0219,12276.309977552555,10701.257063547157,120.12570635471566,0.0,12396.435683907272,17.06,0.66,0.0,0.0,5.0,5.0
330,1,train_0022,12529.791942123895,10030.384064575384,53.03840645753844,0.0,12582.830348581434,17.28,0.7,0.0,0.0,5.0,5.0
331,1,train_0025,12535.590400288544,10669.441965738042,116.94419657380422,0.0,12652.534596862348,15.34,0.6,0.0,0.0,5.0,5.0
332,1,train_0327,12458.092944178534,10520.849293650681,102.08492936506809,0.0,12560.177873543602,17.34,0.76,0.0,0.0,5.0,5.0
333,1,train_0579,12650.026201399653,10323.148002319995,82.31480023199947,0.0,12732.341001631652,15.52,0.76,0.0,0.0,5.0,5.0
334,1,train_0345,12618.542360580032,10174.02393748271,67.40239374827107,0.0,12685.944754328302,16.1,0.68,0.0,0.0,5.0,5.0
335,1,train_0018,12250.140784441544,10338.40268431036,83.84026843103602,0.0,12333.981052872581,15.8,0.74,0.0,0.0,5.0,5.0
336,1,train_0344,12319.061024065455,10563.929142744706,106.39291427447061,0.0,12425.453938339926,16.14,0.62,0.0,0.0,5.0,5.0
337,1,train_0072,12664.413933270118,10451.656497417333,95.16564974173326,0.0,12759.579583011851,16.3,0.78,0.0,0.0,5.0,5.0
338,1,train_0415,12875.90718415803,10550.041353951943,105.00413539519433,0.0,12980.911319553225,13.96,0.6,0.0,0.0,5.0,5.0
339,1,train_0279,12324.511841810421,10599.758043342288,109.97580433422883,0.0,12434.48764614465,17.16,0.66,0.0,0.0,5.0,5.0
340,1,train_0218,12579.802500536876,10773.360765858548,127.3360765858548,0.0,12707.13857712273,15.36,0.62,0.0,0.0,5.0,5.0
341,1,train_0124,12268.774069418483,10654.573921611482,115.45739216114816,0.0,12384.231461579631,18.06,0.7,0.0,0.0,5.0,5.0
342,1,train_0105,12447.085287514317,10613.569743952321,111.3569743952321,0.0,12558.44226190955,15.44,0.7,0.0,0.0,5.0,5.0
343,1,train_0201,12488.326140109275,10382.347702299105,88.23477022991047,0.0,12576.560910339185,16.28,0.68,0.0,0.0,5.0,5.0
344,1,train_0270,12356.60972313016,10501.821029898456,100.18210298984559,0.0,12456.791826120005,14.84,0.5,0.0,0.0,5.0,5.0
345,1,train_0340,12537.933573777274,10456.87146521418,95.68714652141807,0.0,12633.620720298692,16.9,0.5,0.0,0.0,5.0,5.0
346,1,train_0413,12905.086004510715,10611.688252752676,111.1688252752676,0.0,13016.254829785983,14.56,0.74,0.0,0.0,5.0,5.0
347,1,train_0574,12380.173714296456,10608.250835585492,110.82508355854917,0.0,12490.998797855005,14.28,0.68,0.0,0.0,5.0,5.0
348,1,train_0019,12693.062195759263,10460.93318500472,96.09331850047202,0.0,12789.155514259735,14.86,0.66,0.0,0.0,5.0,5.0
349,1,train_0561,12711.080326297046,10368.223500138982,86.82235001389819,0.0,12797.902676310943,18.84,0.64,0.0,0.0,5.0,5.0
350,1,train_0336,12382.63740840286,10332.883235908783,83.28832359087829,0.0,12465.925731993737,15.62,0.54,0.0,0.0,5.0,5.0
351,1,train_0044,12767.791516601628,10518.870155993325,101.88701559933253,0.0,12869.67853220096,16.84,0.64,0.0,0.0,5.0,5.0
352,1,train_0520,12318.797344433984,9805.708649339671,30.570864933967098,0.0,12349.36820936795,17.16,0.56,0.0,0.0,5.0,5.0
353,1,train_0511,12089.856019312267,10435.414212298072,93.54142122980721,0.0,12183.397440542074,16.5,0.66,0.0,0.0,5.0,5.0
354,1,train_0172,12386.720564273259,10337.782085236213,83.77820852362129,0.0,12470.49877279688,15.9,0.66,0.0,0.0,5.0,5.0
355,1,train_0100,12185.694604488928,10120.1674858967,62.01674858966999,0.0,12247.711353078597,15.36,0.78,0.0,0.0,5.0,5.0
356,1,train_0180,12532.698986875395,10630.154754351737,113.01547543517373,0.0,12645.714462310569,17.96,0.7,0.0,0.0,5.0,5.0
357,1,train_0486,12365.373674261915,10697.112971503007,119.71129715030075,0.0,12485.084971412216,14.84,0.66,0.0,0.0,5.0,5.0
358,1,train_0551,12100.689646929675,10243.860577775136,74.38605777751364,0.0,12175.07570470719,17.02,0.74,0.0,0.0,5.0,5.0
359,1,train_0177,12463.755510574425,10587.178425290547,108.71784252905474,0.0,12572.47335310348,14.2,0.64,0.0,0.0,5.0,5.0
360,1,train_0285,12302.136391116492,10563.83408625426,106.38340862542591,0.0,12408.519799741918,14.9,0.64,0.0,0.0,5.0,5.0
361,1,train_0430,12289.546078849322,10207.356290799698,70.73562907996984,0.0,12360.28170792929,15.62,0.7,0.0,0.0,5.0,5.0
362,1,train_0108,12211.187991884542,10747.084364987699,124.70843649876988,0.0,12335.896428383312,18.66,0.76,0.0,0.0,5.0,5.0
363,1,train_0431,12327.299114702093,10281.289570811983,78.12895708119832,0.0,12405.428071783292,16.34,0.6,0.0,0.0,5.0,5.0
364,1,train_0135,12689.829811778764,10341.022039274812,84.10220392748124,0.0,12773.932015706245,17.54,0.68,0.0,0.0,5.0,5.0
365,1,train_0510,12571.08072023174,10793.42182459325,129.342182459325,0.0,12700.422902691063,15.22,0.62,0.0,0.0,5.0,5.0
366,1,train_0080,12588.059865512929,10712.405965428476,121.24059654284757,0.0,12709.300462055777,16.24,0.7,0.0,0.0,5.0,5.0
367,1,train_0587,12493.55905760765,10066.893973036968,56.68939730369675,0.0,12550.248454911347,18.1,0.72,0.0,0.0,5.0,5.0
368,1,train_0432,11956.17022157249,10660.491678720733,116.04916787207331,0.0,12072.219389444565,14.36,0.58,0.0,0.0,5.0,5.0
369,1,train_0165,12065.299909904847,10186.982901666928,68.69829016669283,0.0,12133.998200071539,16.84,0.74,0.0,0.0,5.0,5.0
370,1,train_0484,12481.59920097606,10109.35902695341,60.93590269534107,0.0,12542.5351036714,12.8,0.56,0.0,0.0,5.0,5.0
371,1,train_0376,12234.375297293584,10184.481364335737,68.44813643357375,0.0,12302.823433727157,14.88,0.58,0.0,0.0,5.0,5.0
372,1,train_0285,12509.33842197678,10311.00737316884,81.10073731688408,0.0,12590.439159293663,14.76,0.7,0.0,0.0,5.0,5.0
373,1,train_0443,12797.508768504456,10898.694467456395,139.86944674563946,0.0,12937.378215250095,18.18,0.58,0.0,0.0,5.0,5.0
374,1,train_0413,12688.00153856649,10757.235438160908,125.72354381609075,0.0,12813.725082382582,16.54,0.78,0.0,0.0,5.0,5.0
375,1,train_0047,12348.300223538692,10053.086231455487,55.3086231455487,0.0,12403.608846684241,15.14,0.74,0.0,0.0,5.0,5.0
376,1,train_0137,12061.88616235526,10377.610612307817,87.7610612307817,0.0,12149.647223586042,15.58,0.82,0.0,0.0,5.0,5.0
377,1,train_0397,12066.257315631534,10381.446587683002,88.14465876830019,0.0,12154.401974399834,16.0,0.72,0.0,0.0,5.0,5.0
378,1,train_0243,12528.078923083773,10527.33478453356,102.73347845335593,0.0,12630.812401537129,16.92,0.76,0.0,0.0,5.0,5.0
379,1,train_0192,12442.214546154913,10562.118922908216,106.21189229082157,0.0,12548.426438445735,17.92,0.74,0.0,0.0,5.0,5.0
380,1,train_0327,12215.574231413037,10815.66344501503,131.56634450150304,0.0,12347.14057591454,16.64,0.66,0.0,0.0,5.0,5.0
381,1,train_0096,12659.763962329562,10423.590831065292,92.35908310652923,0.0,12752.12304543609,16.4,0.72,0.0,0.0,5.0,5.0
382,1,train_0589,12170.3865055942,10091.607412192585,59.16074121925849,0.0,12229.54724681346,16.36,0.68,0.0,0.0,5.0,5.0
383,1,train_0329,12226.816280631741,10398.026133454528,89.80261334545285,0.0,12316.618893977195,16.9,0.7,0.0,0.0,5.0,5.0
384,1,train_0004,12406.812747689535,10547.107675069834,104.7107675069834,0.0,12511.523515196519,18.5,0.68,0.0,0.0,5.0,5.0
385,1,train_0277,12405.09090405942,10447.02458934883,94.702458934883,0.0,12499.793362994304,15.38,0.8,0.0,0.0,5.0,5.0
386,1,train_0446,12295.744991788568,10082.4999828435,58.249998284349935,0.0,12353.994990072917,15.7,0.54,0.0,0.0,5.0,5.0
387,1,train_0346,12874.01951690137,10606.92607518072,110.69260751807197,0.0,12984.712124419442,17.38,0.68,0.0,0.0,5.0,5.0
388,1,train_0305,12231.360452147404,10695.14889318404,119.51488931840396,0.0,12350.875341465808,16.88,0.6,0.0,0.0,5.0,5.0
389,1,train_0385,12782.713813139966,10769.694401867675,126.9694401867675,0.0,12909.683253326733,16.24,0.68,0.0,0.0,5.0,5.0
390,1,train_0015,12513.174772307539,10048.813515470527,54.881351547052695,0.0,12568.05612385459,15.94,0.62,0.0,0.0,5.0,5.0
391,1,train_0299,12370.316313902607,10345.552515679945,84.5552515679945,0.0,12454.871565470601,14.9,0.78,0.0,0.0,5.0,5.0
392,1,train_0241,12237.251017829638,10440.982174645138,94.09821746451381,0.0,12331.349235294152,14.12,0.66,0.0,0.0,5.0,5.0
393,1,train_0543,12611.57210610812,10673.704392355572,117.37043923555721,0.0,12728.942545343678,15.74,0.62,0.0,0.0,5.0,5.0
394,1,train_0350,12254.520500371746,10204.205735954609,70.42057359546088,0.0,12324.941073967206,16.5,0.72,0.0,0.0,5.0,5.0
395,1,train_0106,12478.98612983718,10995.38232551542,149.53823255154202,0.0,12628.524362388722,16.38,0.72,0.0,0.0,5.0,5.0
396,1,train_0512,12750.962922108272,10031.527104684537,53.15271046845373,0.0,12804.115632576726,15.84,0.68,0.0,0.0,5.0,5.0
397,1,train_0173,12623.601650140206,10534.431201244708,103.44312012447081,0.0,12727.044770264678,18.1,0.6,0.0,0.0,5.0,5.0
398,1,train_0597,12256.241312078779,10170.357832006837,67.03578320068372,0.0,12323.277095279462,17.8,0.56,0.0,0.0,5.0,5.0
399,1,train_0213,12573.474001611978,10252.72570740598,75.27257074059798,0.0,12648.746572352575,15.1,0.76,0.0,0.0,5.0,5.0
400,2,train_0508,12856.698960802394,10212.353408593432,71.23534085934317,0.0,12927.934301661737,14.58,0.56,0.0,0.0,5.0,5.0
401,2,train_0464,12664.99549912077,10126.364781338067,62.63647813380667,0.0,12727.631977254578,16.5,0.68,0.0,0.0,5.0,5.0
402,2,train_0433,12256.147817192526,10299.262203720235,79.92622037202347,0.0,12336.07403756455,15.04,0.68,0.0,0.0,5.0,5.0
403,2,train_0391,12318.775380540366,10538.678875034315,103.86788750343149,0.0,12422.643268043797,15.38,0.56,0.0,0.0,5.0,5.0
404,2,train_0013,12374.84038588493,10139.984854712558,63.99848547125585,0.0,12438.838871356187,14.22,0.52,0.0,0.0,5.0,5.0
405,2,train_0123,12363.710898689802,10240.563005283486,74.05630052834859,0.0,12437.767199218151,15.86,0.72,0.0,0.0,5.0,5.0
406,2,train_0523,11961.47004088365,10283.41241753146,78.34124175314592,0.0,12039.811282636796,15.52,0.66,0.0,0.0,5.0,5.0
407,2,train_0446,12387.250990361019,10124.680748290968,62.46807482909681,0.0,12449.719065190116,16.88,0.72,0.0,0.0,5.0,5.0
408,2,train_0277,12601.623385852545,10240.044455584954,74.00444555849536,0.0,12675.62783141104,14.96,0.62,0.0,0.0,5.0,5.0
409,2,train_0462,12490.754829907306,10312.416459094322,81.2416459094322,0.0,12571.996475816739,15.34,0.56,0.0,0.0,5.0,5.0
410,2,train_0394,12345.811839377118,10680.867971668156,118.08679716681564,0.0,12463.898636543934,14.96,0.66,0.0,0.0,5.0,5.0
411,2,train_0462,12465.212004588568,10469.354111148907,96.93541111489067,0.0,12562.147415703459,17.44,0.74,0.0,0.0,5.0,5.0
412,2,train_0319,12254.53889971691,10581.438850776187,108.14388507761869,0.0,12362.68278479453,15.94,0.7,0.0,0.0,5.0,5.0
413,2,train_0047,12344.921244136634,10067.84219189594,56.784219189593934,0.0,12401.705463326229,16.16,0.78,0.0,0.0,5.0,5.0
414,2,train_0244,12629.766113115114,10420.364194000325,92.03641940003254,0.0,12721.802532515147,15.32,0.66,0.0,0.0,5.0,5.0
415,2,train_0127,12652.4537164828,10202.944956180925,70.29449561809251,0.0,12722.748212100892,15.74,0.64,0.0,0.0,5.0,5.0
416,2,train_0517,12811.79109344403,10267.074831482021,76.70748314820212,0.0,12888.498576592232,17.36,0.62,0.0,0.0,5.0,5.0
417,2,train_0537,12067.736755443846,10187.321793213268,68.73217932132684,0.0,12136.468934765173,16.02,0.66,0.0,0.0,5.0,5.0
418,2,train_0121,12644.839803858838,9903.182139771383,40.3182139771383,0.0,12685.158017835976,16.34,0.6,0.0,0.0,5.0,5.0
419,2,train_0527,12469.834833563044,10070.381384053573,57.038138405357316,0.0,12526.872971968402,14.86,0.56,0.0,0.0,5.0,5.0
420,2,train_0197,12278.439007779332,11013.892141206285,151.38921412062845,0.0,12429.828221899961,15.4,0.68,0.0,0.0,5.0,5.0
421,2,train_0123,12270.447693900147,10620.742669709283,112.07426697092833,0.0,12382.521960871076,15.38,0.64,0.0,0.0,5.0,5.0
422,2,train_0163,13152.439292232,10553.902181891362,105.39021818913625,0.0,13257.829510421136,15.18,0.74,0.0,0.0,5.0,5.0
423,2,train_0330,12067.7645252334,10157.853640628095,65.78536406280946,0.0,12133.54988929621,15.96,0.68,0.0,0.0,5.0,5.0
424,2,train_0143,12648.973338502616,10488.070982476542,98.80709824765418,0.0,12747.78043675027,14.82,0.5,0.0,0.0,5.0,5.0
425,2,train_0157,12492.502076938927,10210.529532867713,71.0529532867713,0.0,12563.555030225698,14.94,0.64,0.0,0.0,5.0,5.0
426,2,train_0419,12334.771605569233,10343.130422196125,84.31304221961256,0.0,12419.084647788844,14.1,0.7,0.0,0.0,5.0,5.0
427,2,train_0249,12409.85333977922,10487.34517795997,98.73451779599709,0.0,12508.587857575218,16.28,0.74,0.0,0.0,5.0,5.0
428,2,train_0418,12392.57889404165,10795.784194755015,129.5784194755015,0.0,12522.157313517151,17.84,0.58,0.0,0.0,5.0,5.0
429,2,train_0012,12955.051058837831,10683.753719144192,118.37537191441916,0.0,13073.42643075225,14.78,0.64,0.0,0.0,5.0,5.0
430,2,train_0058,11926.760136558254,9853.60651595569,35.360651595568925,0.0,11962.120788153823,14.46,0.64,0.0,0.0,5.0,5.0
431,2,train_0169,12047.766147816368,10100.669811977143,60.06698119771427,0.0,12107.833129014083,16.74,0.54,0.0,0.0,5.0,5.0
432,2,train_0217,12623.916183021767,10440.025513300008,94.00255133000083,0.0,12717.918734351768,17.38,0.68,0.0,0.0,5.0,5.0
433,2,train_0162,11776.51807948141,9864.52418793266,36.45241879326604,0.0,11812.970498274675,17.16,0.58,0.0,0.0,5.0,5.0
434,2,train_0237,12005.127193080387,10429.454172667462,92.94541726674616,0.0,12098.072610347133,16.12,0.64,0.0,0.0,5.0,5.0
435,2,train_0551,12069.280947578256,10275.91924588841,77.591924588841,0.0,12146.872872167098,16.1,0.7,0.0,0.0,5.0,5.0
436,2,train_0276,12462.546964067433,10194.733008559748,69.47330085597478,0.0,12532.020264923407,14.36,0.76,0.0,0.0,5.0,5.0
437,2,train_0352,12193.694948780461,9906.208659529122,40.62086595291221,0.0,12234.315814733374,16.78,0.64,0.0,0.0,5.0,5.0
438,2,train_0473,12365.498617378465,10209.101153718922,70.91011537189225,0.0,12436.408732750358,17.2,0.64,0.0,0.0,5.0,5.0
439,2,train_0106,13161.316747899382,10241.022653616641,74.10226536166411,0.0,13235.419013261046,15.8,0.78,0.0,0.0,5.0,5.0
440,2,train_0086,11833.47219404002,10004.533692712524,50.453369271252456,0.0,11883.925563311272,17.12,0.64,0.0,0.0,5.0,5.0
441,2,train_0256,12492.72841761462,10286.611053381737,78.66110533817374,0.0,12571.389522952793,15.22,0.76,0.0,0.0,5.0,5.0
442,2,train_0372,12600.125402909965,10859.7631292679,135.97631292678997,0.0,12736.101715836756,16.26,0.72,0.0,0.0,5.0,5.0
443,2,train_0295,12396.28598714528,10097.216076441124,59.721607644112375,0.0,12456.007594789393,16.08,0.58,0.0,0.0,5.0,5.0
444,2,train_0071,12554.272909109028,10212.515673850517,71.25156738505176,0.0,12625.52447649408,13.74,0.74,0.0,0.0,5.0,5.0
445,2,train_0382,12900.169912523757,10585.49369074079,108.54936907407901,0.0,13008.719281597836,15.68,0.66,0.0,0.0,5.0,5.0
446,2,train_0554,12409.260393904608,10355.923237161825,85.59232371618255,0.0,12494.85271762079,13.42,0.64,0.0,0.0,5.0,5.0
447,2,train_0319,12506.624588295219,10530.570962782624,103.05709627826236,0.0,12609.681684573481,15.5,0.64,0.0,0.0,5.0,5.0
448,2,train_0539,12769.578390666047,9889.77465832459,38.97746583245899,0.0,12808.555856498506,14.82,0.56,0.0,0.0,5.0,5.0
449,2,train_0252,12242.211770577946,10023.704875751286,52.37048757512858,0.0,12294.582258153074,15.56,0.72,0.0,0.0,5.0,5.0
450,2,train_0240,12728.988795270865,10664.94346466427,116.49434646642695,0.0,12845.483141737292,14.74,0.66,0.0,0.0,5.0,5.0
451,2,train_0186,12389.359220994842,10658.008953249804,115.80089532498042,0.0,12505.160116319823,14.26,0.64,0.0,0.0,5.0,5.0
452,2,train_0312,12030.151947757195,10043.71456291008,54.371456291007966,0.0,12084.523404048203,15.9,0.56,0.0,0.0,5.0,5.0
453,2,train_0344,12558.190256686836,10037.31004696849,53.731004696849055,0.0,12611.921261383684,15.1,0.64,0.0,0.0,5.0,5.0
454,2,train_0063,12217.975545226116,10495.292648838316,99.52926488383164,0.0,12317.504810109947,15.9,0.78,0.0,0.0,5.0,5.0
455,2,train_0585,12511.918022288886,10424.660737247877,92.46607372478775,0.0,12604.384096013673,14.6,0.74,0.0,0.0,5.0,5.0
456,2,train_0091,12675.542054060537,10318.133144582025,81.81331445820251,0.0,12757.35536851874,16.74,0.52,0.0,0.0,5.0,5.0
457,2,train_0331,12275.915183772584,10431.845731839128,93.18457318391285,0.0,12369.099756956497,16.94,0.62,0.0,0.0,5.0,5.0
458,2,train_0186,12343.947813893963,10351.86570675766,85.18657067576606,0.0,12429.134384569728,13.58,0.7,0.0,0.0,5.0,5.0
459,2,train_0532,12509.780015952276,10154.174615492484,65.4174615492484,0.0,12575.197477501524,15.78,0.7,0.0,0.0,5.0,5.0
460,2,train_0386,12355.863667270542,10388.593259583164,88.85932595831638,0.0,12444.722993228857,13.9,0.56,0.0,0.0,5.0,5.0
461,2,train_0009,12464.447666775262,10350.448650090722,85.04486500907224,0.0,12549.492531784335,16.9,0.62,0.0,0.0,5.0,5.0
462,2,train_0016,12303.712923734241,10501.915683440668,100.19156834406677,0.0,12403.904492078309,17.32,0.68,0.0,0.0,5.0,5.0
463,2,train_0121,12239.044906067562,10308.322801826986,80.83228018269857,0.0,12319.87718625026,15.4,0.72,0.0,0.0,5.0,5.0
464,2,train_0492,12497.931107234446,10031.942114875077,53.194211487507715,0.0,12551.125318721954,16.28,0.62,0.0,0.0,5.0,5.0
465,2,train_0518,12490.441449883048,10443.591671490107,94.35916714901069,0.0,12584.800617032059,16.0,0.64,0.0,0.0,5.0,5.0
466,2,train_0330,12203.700072987092,9946.015948803704,44.601594880370435,0.0,12248.301667867463,15.78,0.66,0.0,0.0,5.0,5.0
467,2,train_0341,12724.85669445467,10387.618479526885,88.76184795268856,0.0,12813.618542407357,16.4,0.72,0.0,0.0,5.0,5.0
468,2,train_0388,12635.227304632499,10542.27555517642,104.22755551764203,0.0,12739.454860150141,15.56,0.7,0.0,0.0,5.0,5.0
469,2,train_0292,12485.363684203174,10503.796169030986,100.37961690309858,0.0,12585.743301106273,16.48,0.58,0.0,0.0,5.0,5.0
470,2,train_0306,12300.90283362458,10702.722239573195,120.27222395731951,0.0,12421.175057581899,15.56,0.7,0.0,0.0,5.0,5.0
471,2,train_0221,12267.52166411099,10290.736987147171,79.07369871471711,0.0,12346.595362825707,16.16,0.68,0.0,0.0,5.0,5.0
472,2,train_0294,12355.290745580398,9990.389496446624,49.03894964466235,0.0,12404.32969522506,16.68,0.76,0.0,0.0,5.0,5.0
473,2,train_0177,12480.704848487487,10401.465402730068,90.14654027300676,0.0,12570.851388760493,14.14,0.58,0.0,0.0,5.0,5.0
474,2,train_0448,12583.262168850171,10371.551446913885,87.15514469138853,0.0,12670.41731354156,15.0,0.76,0.0,0.0,5.0,5.0
475,2,train_0407,12477.451378619955,10491.238486452872,99.12384864528723,0.0,12576.575227265243,16.04,0.78,0.0,0.0,5.0,5.0
476,2,train_0430,12588.202912765351,9939.299950318567,43.92999503185675,0.0,12632.132907797208,14.88,0.7,0.0,0.0,5.0,5.0
477,2,train_0219,12408.97470860245,10576.592569769227,107.65925697692273,0.0,12516.633965579374,15.0,0.76,0.0,0.0,5.0,5.0
478,2,train_0237,12234.822104266623,10263.564061610661,76.35640616106612,0.0,12311.17851042769,17.44,0.64,0.0,0.0,5.0,5.0
479,2,train_0261,12449.934219995466,10536.68078227226,103.66807822722603,0.0,12553.602298222693,16.58,0.7,0.0,0.0,5.0,5.0
480,2,train_0361,12598.40955855266,10497.810254803737,99.78102548037369,0.0,12698.190584033033,16.2,0.72,0.0,0.0,5.0,5.0
481,2,train_0466,12405.08424156185,10570.168453159735,107.01684531597348,0.0,12512.101086877823,17.7,0.68,0.0,0.0,5.0,5.0
482,2,train_0005,12173.497701834687,10126.877407631064,62.687740763106376,0.0,12236.185442597794,18.3,0.72,0.0,0.0,5.0,5.0
483,2,train_0567,13530.306805283799,10762.591902838823,126.25919028388235,0.0,13656.565995567682,15.92,0.54,0.0,0.0,5.0,5.0
484,2,train_0517,12352.836354946561,10700.996198210298,120.09961982102978,0.0,12472.935974767592,18.34,0.72,0.0,0.0,5.0,5.0
485,2,train_0596,12476.577447022877,10310.781499991404,81.07814999914045,0.0,12557.655597022018,16.06,0.58,0.0,0.0,5.0,5.0
486,2,train_0166,12026.313150378559,10314.135273367621,81.41352733676213,0.0,12107.726677715322,14.2,0.82,0.0,0.0,5.0,5.0
487,2,train_0290,12285.990903820752,10485.422600629965,98.5422600629965,0.0,12384.533163883749,16.72,0.7,0.0,0.0,5.0,5.0
488,2,train_0327,12740.251193925973,10511.198087072684,101.11980870726839,0.0,12841.371002633241,16.4,0.52,0.0,0.0,5.0,5.0
489,2,train_0082,12871.74239065807,10318.79507274337,81.87950727433709,0.0,12953.621897932408,16.38,0.66,0.0,0.0,5.0,5.0
490,2,train_0214,12090.362437053864,10280.05644403731,78.00564440373091,0.0,12168.368081457595,15.14,0.66,0.0,0.0,5.0,5.0
491,2,train_0014,12541.397487042785,10356.975077797291,85.69750777972914,0.0,12627.094994822513,17.26,0.76,0.0,0.0,5.0,5.0
492,2,train_0071,12450.153749096415,10585.011616672175,108.50116166721746,0.0,12558.654910763633,15.32,0.68,0.0,0.0,5.0,5.0
493,2,train_0296,12713.145846457654,10305.977757709294,80.59777577092937,0.0,12793.743622228583,16.34,0.68,0.0,0.0,5.0,5.0
494,2,train_0189,12523.077170107194,10367.688899320296,86.76888993202957,0.0,12609.846060039223,15.98,0.66,0.0,0.0,5.0,5.0
495,2,train_0045,12283.41218391345,10442.725202901478,94.27252029014781,0.0,12377.684704203597,14.56,0.56,0.0,0.0,5.0,5.0
496,2,train_0501,12700.75579012289,10555.181358401922,105.5181358401922,0.0,12806.273925963082,17.76,0.68,0.0,0.0,5.0,5.0
497,2,train_0070,11660.247789307377,10169.150997170655,66.91509971706546,0.0,11727.162889024443,15.1,0.62,0.0,0.0,5.0,5.0
498,2,train_0138,12538.63761736089,10067.405712874266,56.74057128742661,0.0,12595.378188648316,16.42,0.6,0.0,0.0,5.0,5.0
499,2,train_0140,12337.79185587867,10435.857808639743,93.58578086397429,0.0,12431.377636742644,15.7,0.6,0.0,0.0,5.0,5.0
500,2,train_0309,12577.899921268967,10564.148205924637,106.41482059246374,0.0,12684.31474186143,12.04,0.72,0.0,0.0,5.0,5.0
501,2,train_0595,11871.22381977885,10125.019539653968,62.50195396539675,0.0,11933.725773744247,16.26,0.74,0.0,0.0,5.0,5.0
502,2,train_0016,12627.720689340704,10239.2813872389,73.92813872388997,0.0,12701.648828064594,16.94,0.74,0.0,0.0,5.0,5.0
503,2,train_0097,12105.680958988512,10094.418880223213,59.441888022321294,0.0,12165.122847010834,15.7,0.6,0.0,0.0,5.0,5.0
504,2,train_0199,12451.512885053024,10593.495474009374,109.34954740093745,0.0,12560.862432453961,14.24,0.5,0.0,0.0,5.0,5.0
505,2,train_0066,12563.025109028269,10538.371877964577,103.8371877964577,0.0,12666.862296824727,16.96,0.64,0.0,0.0,5.0,5.0
506,2,train_0004,12734.796476644755,10296.262666929666,79.62626669296661,0.0,12814.422743337722,19.12,0.62,0.0,0.0,5.0,5.0
507,2,train_0549,12364.29546584596,10548.844971717923,104.88449717179229,0.0,12469.179963017752,17.4,0.82,0.0,0.0,5.0,5.0
508,2,train_0134,12766.76362971857,10802.14388497808,130.21438849780807,0.0,12896.97801821638,13.8,0.64,0.0,0.0,5.0,5.0
509,2,train_0373,12463.31424738369,10687.614019437286,118.76140194372857,0.0,12582.075649327418,16.1,0.78,0.0,0.0,5.0,5.0
510,2,train_0530,12890.240556726534,10571.146224218435,107.11462242184353,0.0,12997.355179148377,15.62,0.7,0.0,0.0,5.0,5.0
511,2,train_0443,12998.280331746068,10542.950931779043,104.29509317790435,0.0,13102.575424923973,18.76,0.66,0.0,0.0,5.0,5.0
512,2,train_0025,12628.430800625287,10520.712387914586,102.07123879145857,0.0,12730.502039416746,15.14,0.68,0.0,0.0,5.0,5.0
513,2,train_0212,12533.462375150142,10058.894285582955,55.88942855829555,0.0,12589.351803708438,14.78,0.5,0.0,0.0,5.0,5.0
514,2,train_0030,12414.171226399936,10306.498703309153,80.64987033091529,0.0,12494.821096730851,17.54,0.58,0.0,0.0,5.0,5.0
515,2,train_0560,12567.40580211265,10326.016868082512,82.60168680825119,0.0,12650.0074889209,16.44,0.64,0.0,0.0,5.0,5.0
516,2,train_0278,12277.370842485423,10521.115024217428,102.11150242174281,0.0,12379.482344907166,18.76,0.72,0.0,0.0,5.0,5.0
517,2,train_0585,12373.076812511263,10817.861833775556,131.7861833775556,0.0,12504.862995888818,12.76,0.8,0.0,0.0,5.0,5.0
518,2,train_0240,12734.846160424906,10743.42971349708,124.34297134970802,0.0,12859.189131774614,16.04,0.76,0.0,0.0,5.0,5.0
519,2,train_0335,12576.860009499293,10573.804886489597,107.38048864895973,0.0,12684.240498148252,17.98,0.7,0.0,0.0,5.0,5.0
520,2,train_0037,13000.912443103676,10740.359612079763,124.0359612079763,0.0,13124.948404311652,17.92,0.5,0.0,0.0,5.0,5.0
521,2,train_0592,12477.435232322912,10399.10280510907,89.91028051090707,0.0,12567.34551283382,14.1,0.6,0.0,0.0,5.0,5.0
522,2,train_0514,12608.022190094744,9990.369766158787,49.03697661587867,0.0,12657.059166710622,13.98,0.7,0.0,0.0,5.0,5.0
523,2,train_0303,12309.191474348117,10270.708023741674,77.0708023741674,0.0,12386.262276722286,15.56,0.78,0.0,0.0,5.0,5.0
524,2,train_0139,12481.476054209124,9966.38755370357,46.638755370356925,0.0,12528.114809579482,15.12,0.68,0.0,0.0,5.0,5.0
525,2,train_0263,11975.13871434096,10090.116141988634,59.01161419886339,0.0,12034.150328539823,15.08,0.74,0.0,0.0,5.0,5.0
526,2,train_0262,12792.809197654302,10342.279021759658,84.22790217596577,0.0,12877.037099830268,15.28,0.62,0.0,0.0,5.0,5.0
527,2,train_0471,12350.143511148475,10512.20014301916,101.22001430191595,0.0,12451.363525450392,14.54,0.64,0.0,0.0,5.0,5.0
528,2,train_0178,12169.519552293717,10171.370500773362,67.13705007733624,0.0,12236.656602371053,14.88,0.66,0.0,0.0,5.0,5.0
529,2,train_0386,12715.04657696711,10235.854222026217,73.5854222026217,0.0,12788.631999169731,14.48,0.76,0.0,0.0,5.0,5.0
530,2,train_0485,11857.659801448974,10260.26596898014,76.02659689801403,0.0,11933.686398346988,17.1,0.74,0.0,0.0,5.0,5.0
531,2,train_0120,12338.306329463407,10064.20006685533,56.42000668553301,0.0,12394.72633614894,17.6,0.74,0.0,0.0,5.0,5.0
532,2,train_0466,12549.084171697861,10454.519924222495,95.45199242224953,0.0,12644.53616412011,17.72,0.72,0.0,0.0,5.0,5.0
533,2,train_0308,12529.006782533916,9926.543735864321,42.65437358643212,0.0,12571.661156120348,17.46,0.74,0.0,0.0,5.0,5.0
534,2,train_0122,12386.1512669433,10092.61053825327,59.26105382532697,0.0,12445.412320768626,16.7,0.64,0.0,0.0,5.0,5.0
535,2,train_0009,12636.434376380832,10108.246034400436,60.824603440043575,0.0,12697.258979820876,13.96,0.62,0.0,0.0,5.0,5.0
536,2,train_0530,12477.00861420931,10865.290385058492,136.52903850584917,0.0,12613.537652715158,15.88,0.68,0.0,0.0,5.0,5.0
537,2,train_0525,12288.876905516405,10597.857444614887,109.78574446148869,0.0,12398.662649977894,15.02,0.68,0.0,0.0,5.0,5.0
538,2,train_0037,12890.317018269732,11248.065937729745,174.80659377297454,0.0,13065.123612042707,15.78,0.68,0.0,0.0,5.0,5.0
539,2,train_0325,12242.31343679163,10597.026823784614,109.7026823784614,0.0,12352.016119170092,13.78,0.68,0.0,0.0,5.0,5.0
540,2,train_0056,11997.005996456253,9943.630325437205,44.363032543720514,0.0,12041.369028999974,17.12,0.72,0.0,0.0,5.0,5.0
541,2,train_0027,12560.158825205155,10553.273064806772,105.32730648067718,0.0,12665.486131685833,14.7,0.66,0.0,0.0,5.0,5.0
542,2,train_0034,12504.767609887545,10119.06308595011,61.90630859501107,0.0,12566.673918482556,14.74,0.62,0.0,0.0,5.0,5.0
543,2,train_0562,12607.906640568353,10238.878087985633,73.88780879856331,0.0,12681.794449366917,15.44,0.74,0.0,0.0,5.0,5.0
544,2,train_0304,12973.466030076619,10504.922150043778,100.4922150043778,0.0,13073.958245080998,16.32,0.58,0.0,0.0,5.0,5.0
545,2,train_0599,12161.176753986296,10421.191191138845,92.11911911388452,0.0,12253.29587310018,17.16,0.64,0.0,0.0,5.0,5.0
546,2,train_0463,12298.873814721097,10225.490657799375,72.54906577993752,0.0,12371.422880501035,15.88,0.64,0.0,0.0,5.0,5.0
547,2,train_0442,12641.373215069798,10093.167923003559,59.316792300355885,0.0,12700.690007370154,15.34,0.62,0.0,0.0,5.0,5.0
548,2,train_0064,12886.24433057673,10564.154315163225,106.4154315163225,0.0,12992.659762093053,16.66,0.68,0.0,0.0,5.0,5.0
549,2,train_0258,12806.316431295221,10479.573453650632,97.95734536506316,0.0,12904.273776660284,14.9,0.76,0.0,0.0,5.0,5.0
550,2,train_0337,12263.386651909042,9832.042569103394,33.20425691033943,0.0,12296.590908819382,17.06,0.72,0.0,0.0,5.0,5.0
551,2,train_0354,11961.251984850269,10131.652745112231,63.16527451122311,0.0,12024.417259361491,15.08,0.64,0.0,0.0,5.0,5.0
552,2,train_0083,12289.1722069248,10290.785505055204,79.07855050552044,0.0,12368.250757430322,15.4,0.64,0.0,0.0,5.0,5.0
553,2,train_0006,12126.20717768597,10421.976002185893,92.19760021858929,0.0,12218.40477790456,16.34,0.64,0.0,0.0,5.0,5.0
554,2,train_0367,12488.257078596249,10299.814913559465,79.9814913559465,0.0,12568.238569952195,14.16,0.6,0.0,0.0,5.0,5.0
555,2,train_0065,12683.493384180645,10437.485725360006,93.74857253600058,0.0,12777.241956716645,14.68,0.54,0.0,0.0,5.0,5.0
556,2,train_0561,12577.955573412142,10698.152529380131,119.81525293801315,0.0,12697.770826350155,18.18,0.6,0.0,0.0,5.0,5.0
557,2,train_0198,12037.365999938986,10082.806405032978,58.28064050329777,0.0,12095.646640442283,15.76,0.72,0.0,0.0,5.0,5.0
558,2,train_0556,12886.818042107046,10330.12004108847,83.01200410884704,0.0,12969.830046215893,14.08,0.72,0.0,0.0,5.0,5.0
559,2,train_0246,12345.82284707528,10281.642473207194,78.16424732071937,0.0,12423.987094396,16.14,0.72,0.0,0.0,5.0,5.0
560,2,train_0253,12221.369015927345,9994.774506752346,49.47745067523465,0.0,12270.84646660258,17.56,0.72,0.0,0.0,5.0,5.0
561,2,train_0453,12524.576400311153,10266.75772037745,76.67577203774509,0.0,12601.252172348897,16.5,0.74,0.0,0.0,5.0,5.0
562,2,train_0539,12478.403998838643,10099.410777752657,59.9410777752657,0.0,12538.345076613909,15.08,0.62,0.0,0.0,5.0,5.0
563,2,train_0102,12560.297930429027,10246.639668861579,74.66396688615787,0.0,12634.961897315185,13.4,0.66,0.0,0.0,5.0,5.0
564,2,train_0265,12519.99708438318,10234.536212527204,73.45362125272041,0.0,12593.4507056359,12.88,0.78,0.0,0.0,5.0,5.0
565,2,train_0069,12112.148793789536,10527.87753658761,102.787753658761,0.0,12214.936547448297,17.5,0.66,0.0,0.0,5.0,5.0
566,2,train_0420,12124.711213440012,10503.228867732432,100.32288677324323,0.0,12225.034100213255,15.28,0.68,0.0,0.0,5.0,5.0
567,2,train_0418,12962.180560401004,10246.678450187293,74.66784501872935,0.0,13036.848405419734,17.04,0.64,0.0,0.0,5.0,5.0
568,2,train_0084,12164.198946745364,10374.30051503113,87.43005150311292,0.0,12251.628998248478,16.24,0.54,0.0,0.0,5.0,5.0
569,2,train_0532,12042.681868789834,10264.310201777364,76.43102017773636,0.0,12119.112888967571,15.76,0.64,0.0,0.0,5.0,5.0
570,2,train_0588,12295.887152002255,10161.50965734219,66.15096573421907,0.0,12362.038117736474,17.52,0.72,0.0,0.0,5.0,5.0
571,2,train_0527,12454.769262199861,10305.554741615597,80.55547416155969,0.0,12535.324736361421,15.98,0.66,0.0,0.0,5.0,5.0
572,2,train_0481,12391.618963096538,10295.30608779583,79.53060877958306,0.0,12471.149571876122,17.46,0.68,0.0,0.0,5.0,5.0
573,2,train_0445,12981.59147482669,11120.700590411836,162.0700590411836,0.0,13143.661533867873,18.76,0.66,0.0,0.0,5.0,5.0
574,2,train_0167,12229.237339737227,10085.866217283707,58.586621728370666,0.0,12287.823961465598,14.46,0.7,0.0,0.0,5.0,5.0
575,2,train_0590,12730.1959012548,9998.107673735232,49.810767373523234,0.0,12780.006668628323,17.0,0.6,0.0,0.0,5.0,5.0
576,2,train_0184,12723.999407261152,10270.645770947627,77.06457709476273,0.0,12801.063984355915,16.66,0.7,0.0,0.0,5.0,5.0
577,2,train_0313,12248.268535381041,10518.719273677601,101.87192736776015,0.0,12350.140462748801,15.86,0.66,0.0,0.0,5.0,5.0
578,2,train_0421,13027.71605744228,10443.60199643607,94.36019964360695,0.0,13122.076257085886,16.0,0.6,0.0,0.0,5.0,5.0
579,2,train_0464,12223.714510920767,10352.606054411182,85.26060544111824,0.0,12308.975116361886,15.46,0.62,0.0,0.0,5.0,5.0
580,2,train_0195,12777.858987808304,11270.664546543023,177.0664546543023,0.0,12954.925442462607,17.92,0.74,0.0,0.0,5.0,5.0
581,2,train_0250,12863.0653528114,10105.44214170995,60.544214170994934,0.0,12923.609566982395,16.36,0.6,0.0,0.0,5.0,5.0
582,2,train_0285,12140.224258167586,10382.513656976738,88.25136569767383,0.0,12228.475623865259,14.8,0.74,0.0,0.0,5.0,5.0
583,2,train_0211,12258.643672295673,10608.902185806266,110.89021858062661,0.0,12369.5338908763,17.5,0.62,0.0,0.0,5.0,5.0
584,2,train_0196,12148.797352885818,10788.508450895793,128.85084508957934,0.0,12277.648197975397,16.6,0.66,0.0,0.0,5.0,5.0
585,2,train_0546,12669.527595408494,10350.399781569047,85.03997815690474,0.0,12754.567573565399,19.62,0.56,0.0,0.0,5.0,5.0
586,2,train_0145,12476.545740684183,10308.174100645909,80.81741006459089,0.0,12557.363150748773,15.28,0.58,0.0,0.0,5.0,5.0
587,2,train_0258,12764.100021167913,10603.72342545716,110.37234254571595,0.0,12874.472363713629,15.84,0.66,0.0,0.0,5.0,5.0
588,2,train_0089,12573.941957170107,10535.417630855778,103.54176308557781,0.0,12677.483720255685,16.88,0.68,0.0,0.0,5.0,5.0
589,2,train_0447,12505.394572345966,10267.959512200527,76.79595122005267,0.0,12582.190523566018,15.08,0.72,0.0,0.0,5.0,5.0
590,2,train_0483,13123.796815369078,10278.06178708035,77.80617870803508,0.0,13201.602994077113,16.06,0.72,0.0,0.0,5.0,5.0
591,2,train_0298,11880.974144801774,9838.252176738002,33.82521767380022,0.0,11914.799362475575,16.02,0.68,0.0,0.0,5.0,5.0
592,2,train_0037,13019.33086393276,10636.150487346053,113.61504873460527,0.0,13132.945912667366,17.44,0.76,0.0,0.0,5.0,5.0
593,2,train_0067,12258.162995059469,9889.652099671084,38.96520996710842,0.0,12297.128205026576,16.56,0.62,0.0,0.0,5.0,5.0
594,2,train_0152,12332.632062303022,10259.542189349828,75.95421893498279,0.0,12408.586281238006,15.9,0.64,0.0,0.0,5.0,5.0
595,2,train_0076,12676.092575630839,10016.90000921227,51.69000092122697,0.0,12727.782576552067,16.62,0.58,0.0,0.0,5.0,5.0
596,2,train_0135,12769.191559026935,10217.73597421353,71.77359742135305,0.0,12840.965156448288,16.2,0.58,0.0,0.0,5.0,5.0
597,2,train_0306,12699.920305072183,10399.861026833816,89.98610268338162,0.0,12789.906407755565,14.44,0.72,0.0,0.0,5.0,5.0
598,2,train_0350,12222.695127204075,10179.18032933648,67.91803293364792,0.0,12290.613160137724,17.26,0.66,0.0,0.0,5.0,5.0
599,2,train_0424,12504.925910530132,10590.064801174813,109.00648011748126,0.0,12613.932390647613,17.12,0.68,0.0,0.0,5.0,5.0
600,2,train_0559,12449.704196455314,10222.891586840151,72.28915868401509,0.0,12521.99335513933,18.08,0.72,0.0,0.0,5.0,5.0
601,2,train_0445,12815.887896502709,10786.41179147107,128.64117914710695,0.0,12944.529075649816,18.22,0.72,0.0,0.0,5.0,5.0
602,2,train_0284,12241.278062897152,10579.127315905196,107.91273159051963,0.0,12349.190794487671,16.8,0.62,0.0,0.0,5.0,5.0
603,2,train_0201,12270.57329506465,10454.850232115019,95.48502321150191,0.0,12366.058318276153,15.1,0.72,0.0,0.0,5.0,5.0
604,2,train_0521,12872.845982248538,10014.496273347046,51.449627334704566,0.0,12924.295609583243,18.24,0.8,0.0,0.0,5.0,5.0
605,2,train_0005,12213.880513654267,9843.756436247515,34.375643624751504,0.0,12248.256157279018,18.06,0.56,0.0,0.0,5.0,5.0
606,2,train_0438,12367.16630129106,10364.676318464284,86.46763184642842,0.0,12453.633933137487,17.68,0.54,0.0,0.0,5.0,5.0
607,2,train_0320,12493.886163176234,10446.845041244902,94.6845041244902,0.0,12588.570667300724,15.2,0.74,0.0,0.0,5.0,5.0
